section,category,pos_group_cb,lemma,token_count
basic_job_description,AI_USE,NOUN,creative,45
basic_job_description,AI_USE,NOUN,edit,28
basic_job_description,AI_USE,NOUN,ai,27
basic_job_description,AI_USE,NOUN,client,26
basic_job_description,AI_USE,NOUN,lot,26
basic_job_description,AI_USE,NOUN,one,26
basic_job_description,AI_USE,NOUN,writer,26
basic_job_description,AI_USE,NOUN,help,25
basic_job_description,AI_USE,NOUN,research,25
basic_job_description,AI_USE,NOUN,time,23
basic_job_description,AI_USE,NOUN,need,17
basic_job_description,AI_USE,NOUN,process,17
basic_job_description,AI_USE,NOUN,business,16
basic_job_description,AI_USE,NOUN,character,16
basic_job_description,AI_USE,NOUN,artist,15
basic_job_description,AI_USE,NOUN,designer,15
basic_job_description,AI_USE,NOUN,topic,14
basic_job_description,AI_USE,NOUN,week,13
basic_job_description,AI_USE,NOUN,form,12
basic_job_description,AI_USE,NOUN,way,12
basic_job_description,AI_USE,NOUN,author,11
basic_job_description,AI_USE,NOUN,development,11
basic_job_description,AI_USE,NOUN,production,11
basic_job_description,AI_USE,NOUN,audio,9
basic_job_description,AI_USE,NOUN,change,9
basic_job_description,AI_USE,NOUN,day,9
basic_job_description,AI_USE,NOUN,hour,9
basic_job_description,AI_USE,NOUN,job,9
basic_job_description,AI_USE,NOUN,level,9
basic_job_description,AI_USE,NOUN,plot,9
basic_job_description,AI_USE,NOUN,year,9
basic_job_description,AI_USE,NOUN,detail,8
basic_job_description,AI_USE,NOUN,show,8
basic_job_description,AI_USE,NOUN,bit,7
basic_job_description,AI_USE,NOUN,end,7
basic_job_description,AI_USE,NOUN,example,7
basic_job_description,AI_USE,NOUN,step,7
basic_job_description,AI_USE,NOUN,information,6
basic_job_description,AI_USE,NOUN,model,6
basic_job_description,AI_USE,NOUN,month,6
basic_job_description,AI_USE,NOUN,past,6
basic_job_description,AI_USE,NOUN,sense,6
basic_job_description,AI_USE,NOUN,system,6
basic_job_description,AI_USE,NOUN,amount,5
basic_job_description,AI_USE,NOUN,brainstorming,5
basic_job_description,AI_USE,NOUN,company,5
basic_job_description,AI_USE,NOUN,life,5
basic_job_description,AI_USE,NOUN,point,5
basic_job_description,AI_USE,NOUN,background,4
basic_job_description,AI_USE,NOUN,color,4
basic_job_description,AI_USE,NOUN,creation,4
basic_job_description,AI_USE,NOUN,money,4
basic_job_description,AI_USE,NOUN,place,4
basic_job_description,AI_USE,NOUN,role,4
basic_job_description,AI_USE,NOUN,track,4
basic_job_description,AI_USE,NOUN,version,4
basic_job_description,AI_USE,NOUN,answer,3
basic_job_description,AI_USE,NOUN,case,3
basic_job_description,AI_USE,NOUN,market,3
basic_job_description,AI_USE,NOUN,name,3
basic_job_description,AI_USE,NOUN,result,3
basic_job_description,AI_USE,NOUN,source,3
basic_job_description,AI_USE,NOUN,aspect,2
basic_job_description,AI_USE,NOUN,effort,2
basic_job_description,AI_USE,NOUN,feedback,2
basic_job_description,AI_USE,NOUN,generation,2
basic_job_description,AI_USE,NOUN,google,2
basic_job_description,AI_USE,NOUN,industry,2
basic_job_description,AI_USE,NOUN,partner,2
basic_job_description,AI_USE,NOUN,prompt,2
basic_job_description,AI_USE,NOUN,service,2
basic_job_description,AI_USE,NOUN,subject,2
basic_job_description,AI_USE,NOUN,suggestion,2
basic_job_description,AI_USE,NOUN,task,2
basic_job_description,AI_USE,NOUN,thought,2
basic_job_description,AI_USE,NOUN,tool,2
basic_job_description,AI_USE,NOUN,voice,2
basic_job_description,AI_USE,NOUN,admin,1
basic_job_description,AI_USE,NOUN,assistant,1
basic_job_description,AI_USE,NOUN,collaboration,1
basic_job_description,AI_USE,NOUN,knowledge,1
basic_job_description,AI_USE,NOUN,mind,1
basic_job_description,AI_USE,NOUN,moment,1
basic_job_description,AI_USE,NOUN,output,1
basic_job_description,AI_USE,NOUN,response,1
basic_job_description,AI_USE,NOUN,search,1
basic_job_description,AI_USE,NOUN,software,1
basic_job_description,AI_USE,NOUN,stuff,1
basic_job_description,AI_USE,VERB,do,78
basic_job_description,AI_USE,VERB,use,52
basic_job_description,AI_USE,VERB,take,30
basic_job_description,AI_USE,VERB,help,25
basic_job_description,AI_USE,VERB,depend,14
basic_job_description,AI_USE,VERB,focus,14
basic_job_description,AI_USE,VERB,run,12
basic_job_description,AI_USE,VERB,sound,11
basic_job_description,AI_USE,VERB,record,10
basic_job_description,AI_USE,VERB,mean,8
basic_job_description,AI_USE,VERB,vary,8
basic_job_description,AI_USE,VERB,want,8
basic_job_description,AI_USE,VERB,cover,7
basic_job_description,AI_USE,VERB,end,7
basic_job_description,AI_USE,VERB,generate,6
basic_job_description,AI_USE,VERB,ask,5
basic_job_description,AI_USE,VERB,begin,5
basic_job_description,AI_USE,VERB,face,5
basic_job_description,AI_USE,VERB,play,5
basic_job_description,AI_USE,VERB,point,5
basic_job_description,AI_USE,VERB,require,5
basic_job_description,AI_USE,VERB,say,5
basic_job_description,AI_USE,VERB,fall,4
basic_job_description,AI_USE,VERB,know,4
basic_job_description,AI_USE,VERB,place,4
basic_job_description,AI_USE,VERB,see,4
basic_job_description,AI_USE,VERB,become,3
basic_job_description,AI_USE,VERB,check,3
basic_job_description,AI_USE,VERB,ensure,3
basic_job_description,AI_USE,VERB,hire,3
basic_job_description,AI_USE,VERB,leave,3
basic_job_description,AI_USE,VERB,provide,3
basic_job_description,AI_USE,VERB,spend,3
basic_job_description,AI_USE,VERB,accept,2
basic_job_description,AI_USE,VERB,apply,2
basic_job_description,AI_USE,VERB,capture,2
basic_job_description,AI_USE,VERB,continue,2
basic_job_description,AI_USE,VERB,evolve,2
basic_job_description,AI_USE,VERB,feel,2
basic_job_description,AI_USE,VERB,fit,2
basic_job_description,AI_USE,VERB,grow,2
basic_job_description,AI_USE,VERB,hope,2
basic_job_description,AI_USE,VERB,maintain,2
basic_job_description,AI_USE,VERB,paste,2
basic_job_description,AI_USE,VERB,prefer,2
basic_job_description,AI_USE,VERB,prompt,2
basic_job_description,AI_USE,VERB,realize,2
basic_job_description,AI_USE,VERB,serve,2
basic_job_description,AI_USE,VERB,adapt,1
basic_job_description,AI_USE,VERB,call,1
basic_job_description,AI_USE,VERB,describe,1
basic_job_description,AI_USE,VERB,exist,1
basic_job_description,AI_USE,VERB,fill,1
basic_job_description,AI_USE,VERB,happen,1
basic_job_description,AI_USE,VERB,hit,1
basic_job_description,AI_USE,VERB,push,1
basic_job_description,AI_USE,VERB,remember,1
basic_job_description,AI_USE,VERB,seek,1
basic_job_description,AI_USE,VERB,seem,1
basic_job_description,AI_USE,VERB,speak,1
basic_job_description,AI_USE,VERB,tend,1
basic_job_description,AI_USE,VERB,thank,1
basic_job_description,AI_USE,VERB,understand,1
basic_job_description,AUTHORSHIP,NOUN,work,122
basic_job_description,AUTHORSHIP,NOUN,project,110
basic_job_description,AUTHORSHIP,NOUN,design,57
basic_job_description,AUTHORSHIP,NOUN,writing,45
basic_job_description,AUTHORSHIP,NOUN,story,37
basic_job_description,AUTHORSHIP,NOUN,video,33
basic_job_description,AUTHORSHIP,NOUN,content,32
basic_job_description,AUTHORSHIP,NOUN,film,26
basic_job_description,AUTHORSHIP,NOUN,novel,25
basic_job_description,AUTHORSHIP,NOUN,book,24
basic_job_description,AUTHORSHIP,NOUN,game,23
basic_job_description,AUTHORSHIP,NOUN,graphic,23
basic_job_description,AUTHORSHIP,NOUN,music,21
basic_job_description,AUTHORSHIP,NOUN,thing,21
basic_job_description,AUTHORSHIP,NOUN,art,20
basic_job_description,AUTHORSHIP,NOUN,image,19
basic_job_description,AUTHORSHIP,NOUN,script,19
basic_job_description,AUTHORSHIP,NOUN,article,16
basic_job_description,AUTHORSHIP,NOUN,post,16
basic_job_description,AUTHORSHIP,NOUN,draft,15
basic_job_description,AUTHORSHIP,NOUN,fiction,15
basic_job_description,AUTHORSHIP,NOUN,person,15
basic_job_description,AUTHORSHIP,NOUN,website,15
basic_job_description,AUTHORSHIP,NOUN,event,13
basic_job_description,AUTHORSHIP,NOUN,web,13
basic_job_description,AUTHORSHIP,NOUN,series,12
basic_job_description,AUTHORSHIP,NOUN,scene,11
basic_job_description,AUTHORSHIP,NOUN,page,10
basic_job_description,AUTHORSHIP,NOUN,piece,9
basic_job_description,AUTHORSHIP,NOUN,stage,9
basic_job_description,AUTHORSHIP,NOUN,asset,8
basic_job_description,AUTHORSHIP,NOUN,copy,8
basic_job_description,AUTHORSHIP,NOUN,material,8
basic_job_description,AUTHORSHIP,NOUN,product,8
basic_job_description,AUTHORSHIP,NOUN,set,8
basic_job_description,AUTHORSHIP,NOUN,type,8
basic_job_description,AUTHORSHIP,NOUN,couple,7
basic_job_description,AUTHORSHIP,NOUN,cover,7
basic_job_description,AUTHORSHIP,NOUN,self,7
basic_job_description,AUTHORSHIP,NOUN,element,6
basic_job_description,AUTHORSHIP,NOUN,note,6
basic_job_description,AUTHORSHIP,NOUN,photo,6
basic_job_description,AUTHORSHIP,NOUN,world,6
basic_job_description,AUTHORSHIP,NOUN,part,5
basic_job_description,AUTHORSHIP,NOUN,line,4
basic_job_description,AUTHORSHIP,NOUN,order,4
basic_job_description,AUTHORSHIP,NOUN,picture,4
basic_job_description,AUTHORSHIP,NOUN,skill,4
basic_job_description,AUTHORSHIP,NOUN,text,4
basic_job_description,AUTHORSHIP,NOUN,word,4
basic_job_description,AUTHORSHIP,NOUN,description,3
basic_job_description,AUTHORSHIP,NOUN,effect,3
basic_job_description,AUTHORSHIP,NOUN,email,3
basic_job_description,AUTHORSHIP,NOUN,song,3
basic_job_description,AUTHORSHIP,NOUN,field,2
basic_job_description,AUTHORSHIP,NOUN,hand,2
basic_job_description,AUTHORSHIP,NOUN,number,2
basic_job_description,AUTHORSHIP,NOUN,quality,2
basic_job_description,AUTHORSHIP,NOUN,side,2
basic_job_description,AUTHORSHIP,NOUN,ability,1
basic_job_description,AUTHORSHIP,NOUN,kind,1
basic_job_description,AUTHORSHIP,NOUN,list,1
basic_job_description,AUTHORSHIP,VERB,be,398
basic_job_description,AUTHORSHIP,VERB,work,122
basic_job_description,AUTHORSHIP,VERB,write,80
basic_job_description,AUTHORSHIP,VERB,create,61
basic_job_description,AUTHORSHIP,VERB,design,57
basic_job_description,AUTHORSHIP,VERB,involve,33
basic_job_description,AUTHORSHIP,VERB,edit,28
basic_job_description,AUTHORSHIP,VERB,go,18
basic_job_description,AUTHORSHIP,VERB,include,18
basic_job_description,AUTHORSHIP,VERB,need,17
basic_job_description,AUTHORSHIP,VERB,sell,16
basic_job_description,AUTHORSHIP,VERB,draft,15
basic_job_description,AUTHORSHIP,VERB,finish,12
basic_job_description,AUTHORSHIP,VERB,produce,10
basic_job_description,AUTHORSHIP,VERB,change,9
basic_job_description,AUTHORSHIP,VERB,paint,9
basic_job_description,AUTHORSHIP,VERB,plan,9
basic_job_description,AUTHORSHIP,VERB,publish,9
basic_job_description,AUTHORSHIP,VERB,flow,8
basic_job_description,AUTHORSHIP,VERB,show,8
basic_job_description,AUTHORSHIP,VERB,cut,6
basic_job_description,AUTHORSHIP,VERB,draw,6
basic_job_description,AUTHORSHIP,VERB,craft,5
basic_job_description,AUTHORSHIP,VERB,mix,5
basic_job_description,AUTHORSHIP,VERB,organize,5
basic_job_description,AUTHORSHIP,VERB,pay,5
basic_job_description,AUTHORSHIP,VERB,put,5
basic_job_description,AUTHORSHIP,VERB,read,5
basic_job_description,AUTHORSHIP,VERB,send,5
basic_job_description,AUTHORSHIP,VERB,receive,4
basic_job_description,AUTHORSHIP,VERB,answer,3
basic_job_description,AUTHORSHIP,VERB,build,3
basic_job_description,AUTHORSHIP,VERB,integrate,3
basic_job_description,AUTHORSHIP,VERB,move,3
basic_job_description,AUTHORSHIP,VERB,add,2
basic_job_description,AUTHORSHIP,VERB,assist,2
basic_job_description,AUTHORSHIP,VERB,break,2
basic_job_description,AUTHORSHIP,VERB,bring,2
basic_job_description,AUTHORSHIP,VERB,deliver,2
basic_job_description,AUTHORSHIP,VERB,improve,2
basic_job_description,AUTHORSHIP,VERB,incorporate,2
basic_job_description,AUTHORSHIP,VERB,love,2
basic_job_description,AUTHORSHIP,VERB,upload,2
basic_job_description,AUTHORSHIP,VERB,clean,1
basic_job_description,AUTHORSHIP,VERB,combine,1
basic_job_description,AUTHORSHIP,VERB,enjoy,1
basic_job_description,AUTHORSHIP,VERB,lose,1
basic_job_description,AUTHORSHIP,VERB,miss,1
basic_job_description,CONTROL,NOUN,media,20
basic_job_description,CONTROL,NOUN,flow,8
basic_job_description,CONTROL,NOUN,question,7
basic_job_description,CONTROL,NOUN,chat,3
basic_job_description,CONTROL,NOUN,direction,3
basic_job_description,CONTROL,NOUN,experience,2
basic_job_description,CONTROL,VERB,make,42
basic_job_description,CONTROL,VERB,set,8
basic_job_description,CONTROL,VERB,manage,4
basic_job_description,CONTROL,VERB,choose,3
basic_job_description,CONTROL,VERB,pick,3
basic_job_description,CONTROL,VERB,decide,2
basic_job_description,CONTROL,VERB,direct,2
basic_job_description,CONTROL,VERB,lead,2
basic_job_description,CONTROL,VERB,allow,1
basic_job_description,CONTROL,VERB,determine,1
basic_job_description,CONTROL,VERB,guide,1
basic_job_description,CONTROL,VERB,let,1
basic_job_description,IDEATION,NOUN,use,52
basic_job_description,IDEATION,NOUN,idea,28
basic_job_description,IDEATION,NOUN,etc.,21
basic_job_description,IDEATION,NOUN,editing,19
basic_job_description,IDEATION,NOUN,blog,15
basic_job_description,IDEATION,NOUN,marketing,11
basic_job_description,IDEATION,NOUN,sound,11
basic_job_description,IDEATION,NOUN,style,11
basic_job_description,IDEATION,NOUN,outline,9
basic_job_description,IDEATION,NOUN,area,8
basic_job_description,IDEATION,NOUN,concept,8
basic_job_description,IDEATION,NOUN,theme,8
basic_job_description,IDEATION,NOUN,feature,7
basic_job_description,IDEATION,NOUN,course,6
basic_job_description,IDEATION,NOUN,inspiration,6
basic_job_description,IDEATION,NOUN,sort,6
basic_job_description,IDEATION,NOUN,planning,5
basic_job_description,IDEATION,NOUN,tone,3
basic_job_description,IDEATION,NOUN,option,2
basic_job_description,IDEATION,NOUN,board,1
basic_job_description,IDEATION,NOUN,creativity,1
basic_job_description,IDEATION,NOUN,fact,1
basic_job_description,IDEATION,NOUN,situation,1
basic_job_description,IDEATION,NOUN,term,1
basic_job_description,IDEATION,VERB,have,116
basic_job_description,IDEATION,VERB,like,31
basic_job_description,IDEATION,VERB,research,25
basic_job_description,IDEATION,VERB,start,22
basic_job_description,IDEATION,VERB,come,20
basic_job_description,IDEATION,VERB,get,13
basic_job_description,IDEATION,VERB,think,12
basic_job_description,IDEATION,VERB,try,12
basic_job_description,IDEATION,VERB,give,11
basic_job_description,IDEATION,VERB,develop,9
basic_job_description,IDEATION,VERB,find,9
basic_job_description,IDEATION,VERB,outline,9
basic_job_description,IDEATION,VERB,copy,8
basic_job_description,IDEATION,VERB,keep,8
basic_job_description,IDEATION,VERB,base,6
basic_job_description,IDEATION,VERB,learn,6
basic_job_description,IDEATION,VERB,prepare,5
basic_job_description,IDEATION,VERB,turn,5
basic_job_description,IDEATION,VERB,brainstorm,4
basic_job_description,IDEATION,VERB,complete,4
basic_job_description,IDEATION,VERB,look,4
basic_job_description,IDEATION,VERB,connect,3
basic_job_description,IDEATION,VERB,engage,3
basic_job_description,IDEATION,VERB,expand,3
basic_job_description,IDEATION,VERB,explore,3
basic_job_description,IDEATION,VERB,follow,3
basic_job_description,IDEATION,VERB,present,3
basic_job_description,IDEATION,VERB,offer,2
basic_job_description,IDEATION,VERB,refine,2
basic_job_description,IDEATION,VERB,tell,2
basic_job_description,IDEATION,VERB,bounce,1
basic_job_description,IDEATION,VERB,consider,1
basic_job_description,IDEATION,VERB,figure,1
basic_job_description,IDEATION,VERB,hone,1
basic_job_description,IDEATION,VERB,imagine,1
basic_job_description,IDEATION,VERB,search,1
basic_job_description,IDEATION,VERB,spark,1
basic_job_description,IDEATION,VERB,talk,1
basic_job_description,IDEATION,VERB,wait,1
changed_aspects,AI_USE,NOUN,ai,146
changed_aspects,AI_USE,NOUN,time,79
changed_aspects,AI_USE,NOUN,help,67
changed_aspects,AI_USE,NOUN,creative,58
changed_aspects,AI_USE,NOUN,change,44
changed_aspects,AI_USE,NOUN,process,40
changed_aspects,AI_USE,NOUN,research,29
changed_aspects,AI_USE,NOUN,lot,24
changed_aspects,AI_USE,NOUN,way,23
changed_aspects,AI_USE,NOUN,model,21
changed_aspects,AI_USE,NOUN,need,18
changed_aspects,AI_USE,NOUN,tool,18
changed_aspects,AI_USE,NOUN,example,16
changed_aspects,AI_USE,NOUN,one,16
changed_aspects,AI_USE,NOUN,bit,15
changed_aspects,AI_USE,NOUN,aspect,14
changed_aspects,AI_USE,NOUN,answer,11
changed_aspects,AI_USE,NOUN,past,11
changed_aspects,AI_USE,NOUN,character,10
changed_aspects,AI_USE,NOUN,end,10
changed_aspects,AI_USE,NOUN,edit,9
changed_aspects,AI_USE,NOUN,information,9
changed_aspects,AI_USE,NOUN,task,9
changed_aspects,AI_USE,NOUN,amount,8
changed_aspects,AI_USE,NOUN,feedback,8
changed_aspects,AI_USE,NOUN,color,7
changed_aspects,AI_USE,NOUN,day,7
changed_aspects,AI_USE,NOUN,result,7
changed_aspects,AI_USE,NOUN,client,6
changed_aspects,AI_USE,NOUN,google,6
changed_aspects,AI_USE,NOUN,job,6
changed_aspects,AI_USE,NOUN,point,6
changed_aspects,AI_USE,NOUN,search,6
changed_aspects,AI_USE,NOUN,artist,5
changed_aspects,AI_USE,NOUN,assistant,5
changed_aspects,AI_USE,NOUN,creation,5
changed_aspects,AI_USE,NOUN,detail,5
changed_aspects,AI_USE,NOUN,generation,5
changed_aspects,AI_USE,NOUN,hour,5
changed_aspects,AI_USE,NOUN,moment,5
changed_aspects,AI_USE,NOUN,name,5
changed_aspects,AI_USE,NOUN,sense,5
changed_aspects,AI_USE,NOUN,show,5
changed_aspects,AI_USE,NOUN,brainstorming,4
changed_aspects,AI_USE,NOUN,business,4
changed_aspects,AI_USE,NOUN,level,4
changed_aspects,AI_USE,NOUN,mind,4
changed_aspects,AI_USE,NOUN,output,4
changed_aspects,AI_USE,NOUN,partner,4
changed_aspects,AI_USE,NOUN,place,4
changed_aspects,AI_USE,NOUN,production,4
changed_aspects,AI_USE,NOUN,source,4
changed_aspects,AI_USE,NOUN,step,4
changed_aspects,AI_USE,NOUN,stuff,4
changed_aspects,AI_USE,NOUN,suggestion,4
changed_aspects,AI_USE,NOUN,thinking,4
changed_aspects,AI_USE,NOUN,week,4
changed_aspects,AI_USE,NOUN,writer,4
changed_aspects,AI_USE,NOUN,author,3
changed_aspects,AI_USE,NOUN,life,3
changed_aspects,AI_USE,NOUN,llm,3
changed_aspects,AI_USE,NOUN,money,3
changed_aspects,AI_USE,NOUN,perspective,3
changed_aspects,AI_USE,NOUN,prompt,3
changed_aspects,AI_USE,NOUN,subject,3
changed_aspects,AI_USE,NOUN,thought,3
changed_aspects,AI_USE,NOUN,topic,3
changed_aspects,AI_USE,NOUN,designer,2
changed_aspects,AI_USE,NOUN,eye,2
changed_aspects,AI_USE,NOUN,industry,2
changed_aspects,AI_USE,NOUN,knowledge,2
changed_aspects,AI_USE,NOUN,month,2
changed_aspects,AI_USE,NOUN,plot,2
changed_aspects,AI_USE,NOUN,service,2
changed_aspects,AI_USE,NOUN,software,2
changed_aspects,AI_USE,NOUN,system,2
changed_aspects,AI_USE,NOUN,admin,1
changed_aspects,AI_USE,NOUN,audio,1
changed_aspects,AI_USE,NOUN,background,1
changed_aspects,AI_USE,NOUN,case,1
changed_aspects,AI_USE,NOUN,chatgpt,1
changed_aspects,AI_USE,NOUN,concern,1
changed_aspects,AI_USE,NOUN,development,1
changed_aspects,AI_USE,NOUN,effort,1
changed_aspects,AI_USE,NOUN,gap,1
changed_aspects,AI_USE,NOUN,market,1
changed_aspects,AI_USE,NOUN,track,1
changed_aspects,AI_USE,NOUN,voice,1
changed_aspects,AI_USE,VERB,do,111
changed_aspects,AI_USE,VERB,use,105
changed_aspects,AI_USE,VERB,help,67
changed_aspects,AI_USE,VERB,feel,55
changed_aspects,AI_USE,VERB,take,38
changed_aspects,AI_USE,VERB,say,27
changed_aspects,AI_USE,VERB,spend,23
changed_aspects,AI_USE,VERB,know,18
changed_aspects,AI_USE,VERB,generate,17
changed_aspects,AI_USE,VERB,save,16
changed_aspects,AI_USE,VERB,want,16
changed_aspects,AI_USE,VERB,see,13
changed_aspects,AI_USE,VERB,focus,12
changed_aspects,AI_USE,VERB,mean,12
changed_aspects,AI_USE,VERB,ask,11
changed_aspects,AI_USE,VERB,become,11
changed_aspects,AI_USE,VERB,end,10
changed_aspects,AI_USE,VERB,provide,8
changed_aspects,AI_USE,VERB,point,6
changed_aspects,AI_USE,VERB,run,6
changed_aspects,AI_USE,VERB,fit,5
changed_aspects,AI_USE,VERB,sound,5
changed_aspects,AI_USE,VERB,struggle,5
changed_aspects,AI_USE,VERB,check,4
changed_aspects,AI_USE,VERB,exist,4
changed_aspects,AI_USE,VERB,guess,4
changed_aspects,AI_USE,VERB,handle,4
changed_aspects,AI_USE,VERB,hire,4
changed_aspects,AI_USE,VERB,leave,4
changed_aspects,AI_USE,VERB,place,4
changed_aspects,AI_USE,VERB,require,4
changed_aspects,AI_USE,VERB,seem,4
changed_aspects,AI_USE,VERB,stand,4
changed_aspects,AI_USE,VERB,act,3
changed_aspects,AI_USE,VERB,attempt,3
changed_aspects,AI_USE,VERB,begin,3
changed_aspects,AI_USE,VERB,cover,3
changed_aspects,AI_USE,VERB,fill,3
changed_aspects,AI_USE,VERB,force,3
changed_aspects,AI_USE,VERB,hope,3
changed_aspects,AI_USE,VERB,prompt,3
changed_aspects,AI_USE,VERB,remember,3
changed_aspects,AI_USE,VERB,understand,3
changed_aspects,AI_USE,VERB,avoid,2
changed_aspects,AI_USE,VERB,believe,2
changed_aspects,AI_USE,VERB,call,2
changed_aspects,AI_USE,VERB,depend,2
changed_aspects,AI_USE,VERB,happen,2
changed_aspects,AI_USE,VERB,paste,2
changed_aspects,AI_USE,VERB,push,2
changed_aspects,AI_USE,VERB,speak,2
changed_aspects,AI_USE,VERB,tend,2
changed_aspects,AI_USE,VERB,affect,1
changed_aspects,AI_USE,VERB,automate,1
changed_aspects,AI_USE,VERB,continue,1
changed_aspects,AI_USE,VERB,describe,1
changed_aspects,AI_USE,VERB,face,1
changed_aspects,AI_USE,VERB,fall,1
changed_aspects,AI_USE,VERB,grow,1
changed_aspects,AI_USE,VERB,hear,1
changed_aspects,AI_USE,VERB,hit,1
changed_aspects,AI_USE,VERB,prefer,1
changed_aspects,AI_USE,VERB,reach,1
changed_aspects,AI_USE,VERB,realize,1
changed_aspects,AI_USE,VERB,rely,1
changed_aspects,AI_USE,VERB,replace,1
changed_aspects,AI_USE,VERB,vary,1
changed_aspects,AUTHORSHIP,NOUN,work,77
changed_aspects,AUTHORSHIP,NOUN,thing,38
changed_aspects,AUTHORSHIP,NOUN,image,36
changed_aspects,AUTHORSHIP,NOUN,writing,32
changed_aspects,AUTHORSHIP,NOUN,project,19
changed_aspects,AUTHORSHIP,NOUN,person,18
changed_aspects,AUTHORSHIP,NOUN,book,16
changed_aspects,AUTHORSHIP,NOUN,page,14
changed_aspects,AUTHORSHIP,NOUN,part,13
changed_aspects,AUTHORSHIP,NOUN,content,12
changed_aspects,AUTHORSHIP,NOUN,design,11
changed_aspects,AUTHORSHIP,NOUN,quality,11
changed_aspects,AUTHORSHIP,NOUN,video,11
changed_aspects,AUTHORSHIP,NOUN,art,8
changed_aspects,AUTHORSHIP,NOUN,piece,8
changed_aspects,AUTHORSHIP,NOUN,story,8
changed_aspects,AUTHORSHIP,NOUN,word,8
changed_aspects,AUTHORSHIP,NOUN,copy,7
changed_aspects,AUTHORSHIP,NOUN,post,7
changed_aspects,AUTHORSHIP,NOUN,ability,6
changed_aspects,AUTHORSHIP,NOUN,product,6
changed_aspects,AUTHORSHIP,NOUN,reference,6
changed_aspects,AUTHORSHIP,NOUN,scene,6
changed_aspects,AUTHORSHIP,NOUN,text,6
changed_aspects,AUTHORSHIP,NOUN,website,6
changed_aspects,AUTHORSHIP,NOUN,asset,5
changed_aspects,AUTHORSHIP,NOUN,conversation,5
changed_aspects,AUTHORSHIP,NOUN,draft,5
changed_aspects,AUTHORSHIP,NOUN,element,5
changed_aspects,AUTHORSHIP,NOUN,hand,5
changed_aspects,AUTHORSHIP,NOUN,human,5
changed_aspects,AUTHORSHIP,NOUN,photo,5
changed_aspects,AUTHORSHIP,NOUN,article,4
changed_aspects,AUTHORSHIP,NOUN,kind,4
changed_aspects,AUTHORSHIP,NOUN,line,4
changed_aspects,AUTHORSHIP,NOUN,material,4
changed_aspects,AUTHORSHIP,NOUN,novel,4
changed_aspects,AUTHORSHIP,NOUN,skill,4
changed_aspects,AUTHORSHIP,NOUN,stage,4
changed_aspects,AUTHORSHIP,NOUN,world,4
changed_aspects,AUTHORSHIP,NOUN,couple,3
changed_aspects,AUTHORSHIP,NOUN,cover,3
changed_aspects,AUTHORSHIP,NOUN,email,3
changed_aspects,AUTHORSHIP,NOUN,field,3
changed_aspects,AUTHORSHIP,NOUN,game,3
changed_aspects,AUTHORSHIP,NOUN,music,3
changed_aspects,AUTHORSHIP,NOUN,note,3
changed_aspects,AUTHORSHIP,NOUN,problem,3
changed_aspects,AUTHORSHIP,NOUN,script,3
changed_aspects,AUTHORSHIP,NOUN,self,3
changed_aspects,AUTHORSHIP,NOUN,web,3
changed_aspects,AUTHORSHIP,NOUN,effect,2
changed_aspects,AUTHORSHIP,NOUN,graphic,2
changed_aspects,AUTHORSHIP,NOUN,picture,2
changed_aspects,AUTHORSHIP,NOUN,side,2
changed_aspects,AUTHORSHIP,NOUN,song,2
changed_aspects,AUTHORSHIP,NOUN,type,2
changed_aspects,AUTHORSHIP,NOUN,description,1
changed_aspects,AUTHORSHIP,NOUN,fiction,1
changed_aspects,AUTHORSHIP,NOUN,film,1
changed_aspects,AUTHORSHIP,NOUN,series,1
changed_aspects,AUTHORSHIP,NOUN,set,1
changed_aspects,AUTHORSHIP,NOUN,space,1
changed_aspects,AUTHORSHIP,VERB,be,402
changed_aspects,AUTHORSHIP,VERB,work,77
changed_aspects,AUTHORSHIP,VERB,change,44
changed_aspects,AUTHORSHIP,VERB,create,29
changed_aspects,AUTHORSHIP,VERB,write,22
changed_aspects,AUTHORSHIP,VERB,go,18
changed_aspects,AUTHORSHIP,VERB,need,18
changed_aspects,AUTHORSHIP,VERB,answer,11
changed_aspects,AUTHORSHIP,VERB,design,11
changed_aspects,AUTHORSHIP,VERB,edit,9
changed_aspects,AUTHORSHIP,VERB,flow,9
changed_aspects,AUTHORSHIP,VERB,read,9
changed_aspects,AUTHORSHIP,VERB,move,8
changed_aspects,AUTHORSHIP,VERB,produce,7
changed_aspects,AUTHORSHIP,VERB,build,6
changed_aspects,AUTHORSHIP,VERB,improve,6
changed_aspects,AUTHORSHIP,VERB,mention,6
changed_aspects,AUTHORSHIP,VERB,put,6
changed_aspects,AUTHORSHIP,VERB,draft,5
changed_aspects,AUTHORSHIP,VERB,draw,5
changed_aspects,AUTHORSHIP,VERB,love,5
changed_aspects,AUTHORSHIP,VERB,show,5
changed_aspects,AUTHORSHIP,VERB,cut,4
changed_aspects,AUTHORSHIP,VERB,deliver,4
changed_aspects,AUTHORSHIP,VERB,finish,4
changed_aspects,AUTHORSHIP,VERB,add,3
changed_aspects,AUTHORSHIP,VERB,break,3
changed_aspects,AUTHORSHIP,VERB,involve,3
changed_aspects,AUTHORSHIP,VERB,organize,3
changed_aspects,AUTHORSHIP,VERB,plan,3
changed_aspects,AUTHORSHIP,VERB,clean,2
changed_aspects,AUTHORSHIP,VERB,combine,2
changed_aspects,AUTHORSHIP,VERB,consume,2
changed_aspects,AUTHORSHIP,VERB,enjoy,2
changed_aspects,AUTHORSHIP,VERB,include,2
changed_aspects,AUTHORSHIP,VERB,incorporate,2
changed_aspects,AUTHORSHIP,VERB,lose,2
changed_aspects,AUTHORSHIP,VERB,paint,2
changed_aspects,AUTHORSHIP,VERB,pay,2
changed_aspects,AUTHORSHIP,VERB,publish,2
changed_aspects,AUTHORSHIP,VERB,assist,1
changed_aspects,AUTHORSHIP,VERB,feed,1
changed_aspects,AUTHORSHIP,VERB,lean,1
changed_aspects,AUTHORSHIP,VERB,sell,1
changed_aspects,AUTHORSHIP,VERB,send,1
changed_aspects,AUTHORSHIP,VERB,suggest,1
changed_aspects,CONTROL,NOUN,question,11
changed_aspects,CONTROL,NOUN,flow,9
changed_aspects,CONTROL,NOUN,media,8
changed_aspects,CONTROL,NOUN,experience,5
changed_aspects,CONTROL,NOUN,control,3
changed_aspects,CONTROL,NOUN,decision,3
changed_aspects,CONTROL,NOUN,direction,2
changed_aspects,CONTROL,NOUN,chat,1
changed_aspects,CONTROL,VERB,make,40
changed_aspects,CONTROL,VERB,allow,16
changed_aspects,CONTROL,VERB,decide,5
changed_aspects,CONTROL,VERB,let,4
changed_aspects,CONTROL,VERB,guide,3
changed_aspects,CONTROL,VERB,lead,3
changed_aspects,CONTROL,VERB,direct,2
changed_aspects,CONTROL,VERB,drive,2
changed_aspects,CONTROL,VERB,manage,2
changed_aspects,CONTROL,VERB,choose,1
changed_aspects,CONTROL,VERB,set,1
changed_aspects,IDEATION,NOUN,use,105
changed_aspects,IDEATION,NOUN,idea,55
changed_aspects,IDEATION,NOUN,editing,15
changed_aspects,IDEATION,NOUN,concept,10
changed_aspects,IDEATION,NOUN,planning,8
changed_aspects,IDEATION,NOUN,board,7
changed_aspects,IDEATION,NOUN,style,7
changed_aspects,IDEATION,NOUN,etc.,6
changed_aspects,IDEATION,NOUN,sort,6
changed_aspects,IDEATION,NOUN,feature,5
changed_aspects,IDEATION,NOUN,outline,5
changed_aspects,IDEATION,NOUN,sound,5
changed_aspects,IDEATION,NOUN,blog,3
changed_aspects,IDEATION,NOUN,course,3
changed_aspects,IDEATION,NOUN,inspiration,3
changed_aspects,IDEATION,NOUN,marketing,3
changed_aspects,IDEATION,NOUN,option,3
changed_aspects,IDEATION,NOUN,reader,3
changed_aspects,IDEATION,NOUN,area,2
changed_aspects,IDEATION,NOUN,creativity,2
changed_aspects,IDEATION,NOUN,fact,2
changed_aspects,IDEATION,NOUN,situation,1
changed_aspects,IDEATION,NOUN,term,1
changed_aspects,IDEATION,NOUN,theme,1
changed_aspects,IDEATION,VERB,have,254
changed_aspects,IDEATION,VERB,like,57
changed_aspects,IDEATION,VERB,get,53
changed_aspects,IDEATION,VERB,think,50
changed_aspects,IDEATION,VERB,find,37
changed_aspects,IDEATION,VERB,research,29
changed_aspects,IDEATION,VERB,come,25
changed_aspects,IDEATION,VERB,start,22
changed_aspects,IDEATION,VERB,give,19
changed_aspects,IDEATION,VERB,try,19
changed_aspects,IDEATION,VERB,look,16
changed_aspects,IDEATION,VERB,keep,9
changed_aspects,IDEATION,VERB,copy,7
changed_aspects,IDEATION,VERB,learn,7
changed_aspects,IDEATION,VERB,figure,6
changed_aspects,IDEATION,VERB,search,6
changed_aspects,IDEATION,VERB,base,5
changed_aspects,IDEATION,VERB,outline,5
changed_aspects,IDEATION,VERB,tell,5
changed_aspects,IDEATION,VERB,brainstorm,4
changed_aspects,IDEATION,VERB,pull,4
changed_aspects,IDEATION,VERB,refine,4
changed_aspects,IDEATION,VERB,bounce,3
changed_aspects,IDEATION,VERB,complete,3
changed_aspects,IDEATION,VERB,consider,3
changed_aspects,IDEATION,VERB,expand,3
changed_aspects,IDEATION,VERB,explore,3
changed_aspects,IDEATION,VERB,imagine,3
changed_aspects,IDEATION,VERB,present,3
changed_aspects,IDEATION,VERB,shift,3
changed_aspects,IDEATION,VERB,develop,2
changed_aspects,IDEATION,VERB,hone,2
changed_aspects,IDEATION,VERB,stay,2
changed_aspects,IDEATION,VERB,turn,2
changed_aspects,IDEATION,VERB,wait,2
changed_aspects,IDEATION,VERB,discuss,1
changed_aspects,IDEATION,VERB,engage,1
changed_aspects,IDEATION,VERB,iterate,1
changed_aspects,IDEATION,VERB,prepare,1
changed_aspects,IDEATION,VERB,share,1
changed_aspects,IDEATION,VERB,spark,1
concerns,AI_USE,NOUN,ai,319
concerns,AI_USE,NOUN,creative,79
concerns,AI_USE,NOUN,concern,67
concerns,AI_USE,NOUN,lot,44
concerns,AI_USE,NOUN,job,40
concerns,AI_USE,NOUN,writer,40
concerns,AI_USE,NOUN,time,36
concerns,AI_USE,NOUN,tool,35
concerns,AI_USE,NOUN,artist,33
concerns,AI_USE,NOUN,need,32
concerns,AI_USE,NOUN,one,25
concerns,AI_USE,NOUN,voice,20
concerns,AI_USE,NOUN,model,18
concerns,AI_USE,NOUN,company,17
concerns,AI_USE,NOUN,market,17
concerns,AI_USE,NOUN,help,16
concerns,AI_USE,NOUN,process,16
concerns,AI_USE,NOUN,author,14
concerns,AI_USE,NOUN,day,14
concerns,AI_USE,NOUN,way,14
concerns,AI_USE,NOUN,money,13
concerns,AI_USE,NOUN,level,12
concerns,AI_USE,NOUN,year,12
concerns,AI_USE,NOUN,place,11
concerns,AI_USE,NOUN,task,11
concerns,AI_USE,NOUN,business,10
concerns,AI_USE,NOUN,client,10
concerns,AI_USE,NOUN,end,10
concerns,AI_USE,NOUN,example,9
concerns,AI_USE,NOUN,aspect,8
concerns,AI_USE,NOUN,point,8
concerns,AI_USE,NOUN,change,7
concerns,AI_USE,NOUN,effort,7
concerns,AI_USE,NOUN,industry,7
concerns,AI_USE,NOUN,life,7
concerns,AI_USE,NOUN,production,7
concerns,AI_USE,NOUN,edit,6
concerns,AI_USE,NOUN,name,6
concerns,AI_USE,NOUN,output,6
concerns,AI_USE,NOUN,prompt,6
concerns,AI_USE,NOUN,result,6
concerns,AI_USE,NOUN,role,6
concerns,AI_USE,NOUN,show,6
concerns,AI_USE,NOUN,software,6
concerns,AI_USE,NOUN,stuff,6
concerns,AI_USE,NOUN,amount,5
concerns,AI_USE,NOUN,assistant,5
concerns,AI_USE,NOUN,bit,5
concerns,AI_USE,NOUN,designer,5
concerns,AI_USE,NOUN,future,5
concerns,AI_USE,NOUN,llm,5
concerns,AI_USE,NOUN,mind,5
concerns,AI_USE,NOUN,month,5
concerns,AI_USE,NOUN,response,5
concerns,AI_USE,NOUN,sense,5
concerns,AI_USE,NOUN,case,4
concerns,AI_USE,NOUN,eye,4
concerns,AI_USE,NOUN,information,4
concerns,AI_USE,NOUN,partner,4
concerns,AI_USE,NOUN,perspective,4
concerns,AI_USE,NOUN,thinking,4
concerns,AI_USE,NOUN,answer,3
concerns,AI_USE,NOUN,brainstorming,3
concerns,AI_USE,NOUN,creation,3
concerns,AI_USE,NOUN,form,3
concerns,AI_USE,NOUN,generation,3
concerns,AI_USE,NOUN,hour,3
concerns,AI_USE,NOUN,issue,3
concerns,AI_USE,NOUN,purpose,3
concerns,AI_USE,NOUN,service,3
concerns,AI_USE,NOUN,system,3
concerns,AI_USE,NOUN,character,2
concerns,AI_USE,NOUN,datum,2
concerns,AI_USE,NOUN,detail,2
concerns,AI_USE,NOUN,development,2
concerns,AI_USE,NOUN,feedback,2
concerns,AI_USE,NOUN,gap,2
concerns,AI_USE,NOUN,knowledge,2
concerns,AI_USE,NOUN,past,2
concerns,AI_USE,NOUN,plot,2
concerns,AI_USE,NOUN,research,2
concerns,AI_USE,NOUN,search,2
concerns,AI_USE,NOUN,source,2
concerns,AI_USE,NOUN,step,2
concerns,AI_USE,NOUN,subject,2
concerns,AI_USE,NOUN,suggestion,2
concerns,AI_USE,NOUN,track,2
concerns,AI_USE,NOUN,week,2
concerns,AI_USE,NOUN,admin,1
concerns,AI_USE,NOUN,audio,1
concerns,AI_USE,NOUN,background,1
concerns,AI_USE,NOUN,chatgpt,1
concerns,AI_USE,NOUN,collaboration,1
concerns,AI_USE,NOUN,google,1
concerns,AI_USE,NOUN,moment,1
concerns,AI_USE,VERB,do,167
concerns,AI_USE,VERB,use,119
concerns,AI_USE,VERB,take,48
concerns,AI_USE,VERB,see,45
concerns,AI_USE,VERB,generate,40
concerns,AI_USE,VERB,know,35
concerns,AI_USE,VERB,become,29
concerns,AI_USE,VERB,feel,27
concerns,AI_USE,VERB,worry,26
concerns,AI_USE,VERB,want,25
concerns,AI_USE,VERB,replace,18
concerns,AI_USE,VERB,say,17
concerns,AI_USE,VERB,believe,16
concerns,AI_USE,VERB,help,16
concerns,AI_USE,VERB,happen,12
concerns,AI_USE,VERB,mean,12
concerns,AI_USE,VERB,place,11
concerns,AI_USE,VERB,end,10
concerns,AI_USE,VERB,seem,9
concerns,AI_USE,VERB,ask,8
concerns,AI_USE,VERB,point,8
concerns,AI_USE,VERB,understand,8
concerns,AI_USE,VERB,hope,7
concerns,AI_USE,VERB,sound,7
concerns,AI_USE,VERB,affect,6
concerns,AI_USE,VERB,check,6
concerns,AI_USE,VERB,continue,6
concerns,AI_USE,VERB,prompt,6
concerns,AI_USE,VERB,compare,5
concerns,AI_USE,VERB,focus,5
concerns,AI_USE,VERB,provide,5
concerns,AI_USE,VERB,rely,5
concerns,AI_USE,VERB,spend,5
concerns,AI_USE,VERB,automate,4
concerns,AI_USE,VERB,capture,4
concerns,AI_USE,VERB,fill,4
concerns,AI_USE,VERB,force,4
concerns,AI_USE,VERB,hire,4
concerns,AI_USE,VERB,hit,4
concerns,AI_USE,VERB,leave,4
concerns,AI_USE,VERB,play,4
concerns,AI_USE,VERB,realize,4
concerns,AI_USE,VERB,speak,4
concerns,AI_USE,VERB,begin,3
concerns,AI_USE,VERB,buy,3
concerns,AI_USE,VERB,call,3
concerns,AI_USE,VERB,cover,3
concerns,AI_USE,VERB,exist,3
concerns,AI_USE,VERB,face,3
concerns,AI_USE,VERB,fall,3
concerns,AI_USE,VERB,fit,3
concerns,AI_USE,VERB,grow,3
concerns,AI_USE,VERB,prefer,3
concerns,AI_USE,VERB,remember,3
concerns,AI_USE,VERB,seek,3
concerns,AI_USE,VERB,adapt,2
concerns,AI_USE,VERB,avoid,2
concerns,AI_USE,VERB,notice,2
concerns,AI_USE,VERB,push,2
concerns,AI_USE,VERB,require,2
concerns,AI_USE,VERB,run,2
concerns,AI_USE,VERB,save,2
concerns,AI_USE,VERB,struggle,2
concerns,AI_USE,VERB,tend,2
concerns,AI_USE,VERB,accept,1
concerns,AI_USE,VERB,attempt,1
concerns,AI_USE,VERB,describe,1
concerns,AI_USE,VERB,guess,1
concerns,AI_USE,VERB,handle,1
concerns,AI_USE,VERB,hear,1
concerns,AI_USE,VERB,maintain,1
concerns,AI_USE,VERB,reach,1
concerns,AI_USE,VERB,record,1
concerns,AI_USE,VERB,serve,1
concerns,AI_USE,VERB,stand,1
concerns,AI_USE,VERB,vary,1
concerns,AUTHORSHIP,NOUN,person,119
concerns,AUTHORSHIP,NOUN,work,100
concerns,AUTHORSHIP,NOUN,human,97
concerns,AUTHORSHIP,NOUN,art,49
concerns,AUTHORSHIP,NOUN,writing,44
concerns,AUTHORSHIP,NOUN,thing,36
concerns,AUTHORSHIP,NOUN,field,34
concerns,AUTHORSHIP,NOUN,book,31
concerns,AUTHORSHIP,NOUN,content,24
concerns,AUTHORSHIP,NOUN,image,23
concerns,AUTHORSHIP,NOUN,story,19
concerns,AUTHORSHIP,NOUN,design,15
concerns,AUTHORSHIP,NOUN,skill,15
concerns,AUTHORSHIP,NOUN,hand,14
concerns,AUTHORSHIP,NOUN,music,14
concerns,AUTHORSHIP,NOUN,ability,13
concerns,AUTHORSHIP,NOUN,quality,13
concerns,AUTHORSHIP,NOUN,world,12
concerns,AUTHORSHIP,NOUN,asset,10
concerns,AUTHORSHIP,NOUN,novel,10
concerns,AUTHORSHIP,NOUN,part,10
concerns,AUTHORSHIP,NOUN,video,10
concerns,AUTHORSHIP,NOUN,game,9
concerns,AUTHORSHIP,NOUN,kind,8
concerns,AUTHORSHIP,NOUN,product,8
concerns,AUTHORSHIP,NOUN,script,8
concerns,AUTHORSHIP,NOUN,piece,7
concerns,AUTHORSHIP,NOUN,project,7
concerns,AUTHORSHIP,NOUN,word,6
concerns,AUTHORSHIP,NOUN,element,5
concerns,AUTHORSHIP,NOUN,fiction,5
concerns,AUTHORSHIP,NOUN,material,5
concerns,AUTHORSHIP,NOUN,self,5
concerns,AUTHORSHIP,NOUN,song,5
concerns,AUTHORSHIP,NOUN,space,5
concerns,AUTHORSHIP,NOUN,type,5
concerns,AUTHORSHIP,NOUN,effect,4
concerns,AUTHORSHIP,NOUN,film,4
concerns,AUTHORSHIP,NOUN,line,4
concerns,AUTHORSHIP,NOUN,number,4
concerns,AUTHORSHIP,NOUN,photo,4
concerns,AUTHORSHIP,NOUN,post,4
concerns,AUTHORSHIP,NOUN,side,4
concerns,AUTHORSHIP,NOUN,cover,3
concerns,AUTHORSHIP,NOUN,draft,3
concerns,AUTHORSHIP,NOUN,problem,3
concerns,AUTHORSHIP,NOUN,text,3
concerns,AUTHORSHIP,NOUN,graphic,2
concerns,AUTHORSHIP,NOUN,order,2
concerns,AUTHORSHIP,NOUN,page,2
concerns,AUTHORSHIP,NOUN,stage,2
concerns,AUTHORSHIP,NOUN,web,2
concerns,AUTHORSHIP,NOUN,article,1
concerns,AUTHORSHIP,NOUN,conversation,1
concerns,AUTHORSHIP,NOUN,copy,1
concerns,AUTHORSHIP,NOUN,couple,1
concerns,AUTHORSHIP,NOUN,email,1
concerns,AUTHORSHIP,NOUN,event,1
concerns,AUTHORSHIP,NOUN,list,1
concerns,AUTHORSHIP,NOUN,picture,1
concerns,AUTHORSHIP,NOUN,reference,1
concerns,AUTHORSHIP,NOUN,scene,1
concerns,AUTHORSHIP,NOUN,series,1
concerns,AUTHORSHIP,NOUN,set,1
concerns,AUTHORSHIP,NOUN,website,1
concerns,AUTHORSHIP,VERB,be,731
concerns,AUTHORSHIP,VERB,work,100
concerns,AUTHORSHIP,VERB,write,55
concerns,AUTHORSHIP,VERB,create,45
concerns,AUTHORSHIP,VERB,need,32
concerns,AUTHORSHIP,VERB,go,27
concerns,AUTHORSHIP,VERB,put,19
concerns,AUTHORSHIP,VERB,lose,16
concerns,AUTHORSHIP,VERB,design,15
concerns,AUTHORSHIP,VERB,pay,15
concerns,AUTHORSHIP,VERB,read,14
concerns,AUTHORSHIP,VERB,train,12
concerns,AUTHORSHIP,VERB,publish,11
concerns,AUTHORSHIP,VERB,love,9
concerns,AUTHORSHIP,VERB,produce,9
concerns,AUTHORSHIP,VERB,draw,8
concerns,AUTHORSHIP,VERB,change,7
concerns,AUTHORSHIP,VERB,edit,6
concerns,AUTHORSHIP,VERB,show,6
concerns,AUTHORSHIP,VERB,add,5
concerns,AUTHORSHIP,VERB,craft,5
concerns,AUTHORSHIP,VERB,improve,5
concerns,AUTHORSHIP,VERB,include,5
concerns,AUTHORSHIP,VERB,miss,5
concerns,AUTHORSHIP,VERB,paint,5
concerns,AUTHORSHIP,VERB,remove,5
concerns,AUTHORSHIP,VERB,sell,5
concerns,AUTHORSHIP,VERB,assist,4
concerns,AUTHORSHIP,VERB,mention,4
concerns,AUTHORSHIP,VERB,answer,3
concerns,AUTHORSHIP,VERB,break,3
concerns,AUTHORSHIP,VERB,bring,3
concerns,AUTHORSHIP,VERB,cut,3
concerns,AUTHORSHIP,VERB,draft,3
concerns,AUTHORSHIP,VERB,lean,3
concerns,AUTHORSHIP,VERB,plan,3
concerns,AUTHORSHIP,VERB,receive,3
concerns,AUTHORSHIP,VERB,upload,3
concerns,AUTHORSHIP,VERB,clean,2
concerns,AUTHORSHIP,VERB,integrate,2
concerns,AUTHORSHIP,VERB,build,1
concerns,AUTHORSHIP,VERB,combine,1
concerns,AUTHORSHIP,VERB,deliver,1
concerns,AUTHORSHIP,VERB,enjoy,1
concerns,AUTHORSHIP,VERB,finish,1
concerns,AUTHORSHIP,VERB,identify,1
concerns,AUTHORSHIP,VERB,involve,1
concerns,AUTHORSHIP,VERB,mix,1
concerns,AUTHORSHIP,VERB,move,1
concerns,AUTHORSHIP,VERB,send,1
concerns,CONTROL,NOUN,experience,8
concerns,CONTROL,NOUN,media,7
concerns,CONTROL,NOUN,decision,5
concerns,CONTROL,NOUN,question,4
concerns,CONTROL,NOUN,control,3
concerns,CONTROL,NOUN,direction,2
concerns,CONTROL,VERB,make,85
concerns,CONTROL,VERB,let,7
concerns,CONTROL,VERB,choose,6
concerns,CONTROL,VERB,lead,5
concerns,CONTROL,VERB,allow,4
concerns,CONTROL,VERB,drive,4
concerns,CONTROL,VERB,pick,2
concerns,CONTROL,VERB,manage,1
concerns,CONTROL,VERB,set,1
concerns,IDEATION,NOUN,use,119
concerns,IDEATION,NOUN,idea,17
concerns,IDEATION,NOUN,creativity,16
concerns,IDEATION,NOUN,editing,12
concerns,IDEATION,NOUN,fact,8
concerns,IDEATION,NOUN,reader,8
concerns,IDEATION,NOUN,sound,7
concerns,IDEATION,NOUN,style,7
concerns,IDEATION,NOUN,etc.,6
concerns,IDEATION,NOUN,blog,5
concerns,IDEATION,NOUN,course,5
concerns,IDEATION,NOUN,inspiration,5
concerns,IDEATION,NOUN,sort,5
concerns,IDEATION,NOUN,marketing,4
concerns,IDEATION,NOUN,term,4
concerns,IDEATION,NOUN,area,3
concerns,IDEATION,NOUN,concept,2
concerns,IDEATION,NOUN,option,2
concerns,IDEATION,NOUN,situation,2
concerns,IDEATION,NOUN,board,1
concerns,IDEATION,NOUN,feature,1
concerns,IDEATION,NOUN,outline,1
concerns,IDEATION,NOUN,planning,1
concerns,IDEATION,NOUN,theme,1
concerns,IDEATION,NOUN,tone,1
concerns,IDEATION,VERB,have,201
concerns,IDEATION,VERB,think,84
concerns,IDEATION,VERB,like,66
concerns,IDEATION,VERB,get,50
concerns,IDEATION,VERB,find,19
concerns,IDEATION,VERB,tell,18
concerns,IDEATION,VERB,come,14
concerns,IDEATION,VERB,look,14
concerns,IDEATION,VERB,start,14
concerns,IDEATION,VERB,try,13
concerns,IDEATION,VERB,give,11
concerns,IDEATION,VERB,base,8
concerns,IDEATION,VERB,keep,6
concerns,IDEATION,VERB,complete,5
concerns,IDEATION,VERB,learn,5
concerns,IDEATION,VERB,turn,5
concerns,IDEATION,VERB,consider,4
concerns,IDEATION,VERB,develop,3
concerns,IDEATION,VERB,figure,3
concerns,IDEATION,VERB,present,3
concerns,IDEATION,VERB,share,3
concerns,IDEATION,VERB,stay,3
concerns,IDEATION,VERB,utilize,3
concerns,IDEATION,VERB,discuss,2
concerns,IDEATION,VERB,engage,2
concerns,IDEATION,VERB,follow,2
concerns,IDEATION,VERB,imagine,2
concerns,IDEATION,VERB,refine,2
concerns,IDEATION,VERB,research,2
concerns,IDEATION,VERB,search,2
concerns,IDEATION,VERB,talk,2
concerns,IDEATION,VERB,brainstorm,1
concerns,IDEATION,VERB,copy,1
concerns,IDEATION,VERB,explain,1
concerns,IDEATION,VERB,hone,1
concerns,IDEATION,VERB,outline,1
concerns,IDEATION,VERB,spark,1
concerns,IDEATION,VERB,wait,1
dynamic,AI_USE,NOUN,ai,192
dynamic,AI_USE,NOUN,creative,96
dynamic,AI_USE,NOUN,help,39
dynamic,AI_USE,NOUN,time,39
dynamic,AI_USE,NOUN,model,37
dynamic,AI_USE,NOUN,one,35
dynamic,AI_USE,NOUN,way,32
dynamic,AI_USE,NOUN,need,30
dynamic,AI_USE,NOUN,collaboration,26
dynamic,AI_USE,NOUN,process,26
dynamic,AI_USE,NOUN,prompt,22
dynamic,AI_USE,NOUN,suggestion,20
dynamic,AI_USE,NOUN,character,18
dynamic,AI_USE,NOUN,lot,17
dynamic,AI_USE,NOUN,point,16
dynamic,AI_USE,NOUN,case,13
dynamic,AI_USE,NOUN,result,13
dynamic,AI_USE,NOUN,example,12
dynamic,AI_USE,NOUN,research,12
dynamic,AI_USE,NOUN,tool,12
dynamic,AI_USE,NOUN,assistant,11
dynamic,AI_USE,NOUN,feedback,11
dynamic,AI_USE,NOUN,information,11
dynamic,AI_USE,NOUN,bit,10
dynamic,AI_USE,NOUN,response,10
dynamic,AI_USE,NOUN,writer,10
dynamic,AI_USE,NOUN,edit,9
dynamic,AI_USE,NOUN,level,9
dynamic,AI_USE,NOUN,change,8
dynamic,AI_USE,NOUN,client,8
dynamic,AI_USE,NOUN,partner,8
dynamic,AI_USE,NOUN,perspective,8
dynamic,AI_USE,NOUN,thought,8
dynamic,AI_USE,NOUN,output,7
dynamic,AI_USE,NOUN,past,7
dynamic,AI_USE,NOUN,search,7
dynamic,AI_USE,NOUN,sense,7
dynamic,AI_USE,NOUN,answer,6
dynamic,AI_USE,NOUN,day,6
dynamic,AI_USE,NOUN,detail,6
dynamic,AI_USE,NOUN,llm,6
dynamic,AI_USE,NOUN,mind,6
dynamic,AI_USE,NOUN,stuff,6
dynamic,AI_USE,NOUN,task,6
dynamic,AI_USE,NOUN,topic,6
dynamic,AI_USE,NOUN,voice,6
dynamic,AI_USE,NOUN,artist,5
dynamic,AI_USE,NOUN,author,5
dynamic,AI_USE,NOUN,background,5
dynamic,AI_USE,NOUN,business,5
dynamic,AI_USE,NOUN,purpose,5
dynamic,AI_USE,NOUN,end,4
dynamic,AI_USE,NOUN,generation,4
dynamic,AI_USE,NOUN,hour,4
dynamic,AI_USE,NOUN,life,4
dynamic,AI_USE,NOUN,name,4
dynamic,AI_USE,NOUN,show,4
dynamic,AI_USE,NOUN,system,4
dynamic,AI_USE,NOUN,aspect,3
dynamic,AI_USE,NOUN,audio,3
dynamic,AI_USE,NOUN,brainstorming,3
dynamic,AI_USE,NOUN,chatgpt,3
dynamic,AI_USE,NOUN,color,3
dynamic,AI_USE,NOUN,effort,3
dynamic,AI_USE,NOUN,issue,3
dynamic,AI_USE,NOUN,job,3
dynamic,AI_USE,NOUN,place,3
dynamic,AI_USE,NOUN,plot,3
dynamic,AI_USE,NOUN,role,3
dynamic,AI_USE,NOUN,year,3
dynamic,AI_USE,NOUN,amount,2
dynamic,AI_USE,NOUN,designer,2
dynamic,AI_USE,NOUN,development,2
dynamic,AI_USE,NOUN,eye,2
dynamic,AI_USE,NOUN,form,2
dynamic,AI_USE,NOUN,future,2
dynamic,AI_USE,NOUN,gap,2
dynamic,AI_USE,NOUN,knowledge,2
dynamic,AI_USE,NOUN,step,2
dynamic,AI_USE,NOUN,version,2
dynamic,AI_USE,NOUN,week,2
dynamic,AI_USE,NOUN,company,1
dynamic,AI_USE,NOUN,creation,1
dynamic,AI_USE,NOUN,datum,1
dynamic,AI_USE,NOUN,google,1
dynamic,AI_USE,NOUN,market,1
dynamic,AI_USE,NOUN,moment,1
dynamic,AI_USE,NOUN,service,1
dynamic,AI_USE,NOUN,source,1
dynamic,AI_USE,NOUN,subject,1
dynamic,AI_USE,NOUN,thinking,1
dynamic,AI_USE,NOUN,track,1
dynamic,AI_USE,VERB,do,125
dynamic,AI_USE,VERB,use,92
dynamic,AI_USE,VERB,feel,76
dynamic,AI_USE,VERB,want,48
dynamic,AI_USE,VERB,ask,40
dynamic,AI_USE,VERB,help,39
dynamic,AI_USE,VERB,say,31
dynamic,AI_USE,VERB,take,29
dynamic,AI_USE,VERB,know,23
dynamic,AI_USE,VERB,prompt,22
dynamic,AI_USE,VERB,provide,22
dynamic,AI_USE,VERB,see,22
dynamic,AI_USE,VERB,point,16
dynamic,AI_USE,VERB,generate,11
dynamic,AI_USE,VERB,check,9
dynamic,AI_USE,VERB,sound,9
dynamic,AI_USE,VERB,force,8
dynamic,AI_USE,VERB,understand,8
dynamic,AI_USE,VERB,describe,7
dynamic,AI_USE,VERB,mean,7
dynamic,AI_USE,VERB,exist,6
dynamic,AI_USE,VERB,fit,6
dynamic,AI_USE,VERB,continue,5
dynamic,AI_USE,VERB,ensure,5
dynamic,AI_USE,VERB,prefer,5
dynamic,AI_USE,VERB,struggle,5
dynamic,AI_USE,VERB,depend,4
dynamic,AI_USE,VERB,end,4
dynamic,AI_USE,VERB,happen,4
dynamic,AI_USE,VERB,push,4
dynamic,AI_USE,VERB,require,4
dynamic,AI_USE,VERB,save,4
dynamic,AI_USE,VERB,spend,4
dynamic,AI_USE,VERB,act,3
dynamic,AI_USE,VERB,attempt,3
dynamic,AI_USE,VERB,begin,3
dynamic,AI_USE,VERB,focus,3
dynamic,AI_USE,VERB,maintain,3
dynamic,AI_USE,VERB,place,3
dynamic,AI_USE,VERB,play,3
dynamic,AI_USE,VERB,seem,3
dynamic,AI_USE,VERB,tend,3
dynamic,AI_USE,VERB,accept,2
dynamic,AI_USE,VERB,believe,2
dynamic,AI_USE,VERB,capture,2
dynamic,AI_USE,VERB,expect,2
dynamic,AI_USE,VERB,fill,2
dynamic,AI_USE,VERB,guess,2
dynamic,AI_USE,VERB,hear,2
dynamic,AI_USE,VERB,hire,2
dynamic,AI_USE,VERB,hit,2
dynamic,AI_USE,VERB,leave,2
dynamic,AI_USE,VERB,notice,2
dynamic,AI_USE,VERB,replace,2
dynamic,AI_USE,VERB,run,2
dynamic,AI_USE,VERB,seek,2
dynamic,AI_USE,VERB,stand,2
dynamic,AI_USE,VERB,vary,2
dynamic,AI_USE,VERB,affect,1
dynamic,AI_USE,VERB,avoid,1
dynamic,AI_USE,VERB,buy,1
dynamic,AI_USE,VERB,call,1
dynamic,AI_USE,VERB,cover,1
dynamic,AI_USE,VERB,evolve,1
dynamic,AI_USE,VERB,face,1
dynamic,AI_USE,VERB,grow,1
dynamic,AI_USE,VERB,reach,1
dynamic,AI_USE,VERB,speak,1
dynamic,AUTHORSHIP,NOUN,work,55
dynamic,AUTHORSHIP,NOUN,thing,39
dynamic,AUTHORSHIP,NOUN,image,23
dynamic,AUTHORSHIP,NOUN,writing,23
dynamic,AUTHORSHIP,NOUN,story,18
dynamic,AUTHORSHIP,NOUN,part,16
dynamic,AUTHORSHIP,NOUN,human,14
dynamic,AUTHORSHIP,NOUN,design,12
dynamic,AUTHORSHIP,NOUN,art,11
dynamic,AUTHORSHIP,NOUN,conversation,11
dynamic,AUTHORSHIP,NOUN,person,10
dynamic,AUTHORSHIP,NOUN,scene,9
dynamic,AUTHORSHIP,NOUN,type,9
dynamic,AUTHORSHIP,NOUN,article,8
dynamic,AUTHORSHIP,NOUN,content,8
dynamic,AUTHORSHIP,NOUN,kind,8
dynamic,AUTHORSHIP,NOUN,piece,8
dynamic,AUTHORSHIP,NOUN,word,8
dynamic,AUTHORSHIP,NOUN,project,7
dynamic,AUTHORSHIP,NOUN,book,6
dynamic,AUTHORSHIP,NOUN,line,6
dynamic,AUTHORSHIP,NOUN,material,6
dynamic,AUTHORSHIP,NOUN,product,6
dynamic,AUTHORSHIP,NOUN,list,5
dynamic,AUTHORSHIP,NOUN,photo,5
dynamic,AUTHORSHIP,NOUN,set,5
dynamic,AUTHORSHIP,NOUN,copy,4
dynamic,AUTHORSHIP,NOUN,problem,4
dynamic,AUTHORSHIP,NOUN,script,4
dynamic,AUTHORSHIP,NOUN,couple,3
dynamic,AUTHORSHIP,NOUN,draft,3
dynamic,AUTHORSHIP,NOUN,hand,3
dynamic,AUTHORSHIP,NOUN,quality,3
dynamic,AUTHORSHIP,NOUN,side,3
dynamic,AUTHORSHIP,NOUN,text,3
dynamic,AUTHORSHIP,NOUN,description,2
dynamic,AUTHORSHIP,NOUN,game,2
dynamic,AUTHORSHIP,NOUN,novel,2
dynamic,AUTHORSHIP,NOUN,post,2
dynamic,AUTHORSHIP,NOUN,skill,2
dynamic,AUTHORSHIP,NOUN,web,2
dynamic,AUTHORSHIP,NOUN,asset,1
dynamic,AUTHORSHIP,NOUN,cover,1
dynamic,AUTHORSHIP,NOUN,effect,1
dynamic,AUTHORSHIP,NOUN,element,1
dynamic,AUTHORSHIP,NOUN,email,1
dynamic,AUTHORSHIP,NOUN,fiction,1
dynamic,AUTHORSHIP,NOUN,film,1
dynamic,AUTHORSHIP,NOUN,graphic,1
dynamic,AUTHORSHIP,NOUN,music,1
dynamic,AUTHORSHIP,NOUN,note,1
dynamic,AUTHORSHIP,NOUN,number,1
dynamic,AUTHORSHIP,NOUN,reference,1
dynamic,AUTHORSHIP,NOUN,self,1
dynamic,AUTHORSHIP,NOUN,series,1
dynamic,AUTHORSHIP,NOUN,song,1
dynamic,AUTHORSHIP,NOUN,space,1
dynamic,AUTHORSHIP,NOUN,stage,1
dynamic,AUTHORSHIP,NOUN,video,1
dynamic,AUTHORSHIP,NOUN,world,1
dynamic,AUTHORSHIP,VERB,be,564
dynamic,AUTHORSHIP,VERB,work,55
dynamic,AUTHORSHIP,VERB,go,31
dynamic,AUTHORSHIP,VERB,need,30
dynamic,AUTHORSHIP,VERB,write,22
dynamic,AUTHORSHIP,VERB,create,18
dynamic,AUTHORSHIP,VERB,design,12
dynamic,AUTHORSHIP,VERB,add,9
dynamic,AUTHORSHIP,VERB,edit,9
dynamic,AUTHORSHIP,VERB,produce,9
dynamic,AUTHORSHIP,VERB,suggest,9
dynamic,AUTHORSHIP,VERB,change,8
dynamic,AUTHORSHIP,VERB,put,8
dynamic,AUTHORSHIP,VERB,read,8
dynamic,AUTHORSHIP,VERB,identify,7
dynamic,AUTHORSHIP,VERB,answer,6
dynamic,AUTHORSHIP,VERB,miss,6
dynamic,AUTHORSHIP,VERB,remove,6
dynamic,AUTHORSHIP,VERB,include,5
dynamic,AUTHORSHIP,VERB,lose,5
dynamic,AUTHORSHIP,VERB,feed,4
dynamic,AUTHORSHIP,VERB,involve,4
dynamic,AUTHORSHIP,VERB,mention,4
dynamic,AUTHORSHIP,VERB,move,4
dynamic,AUTHORSHIP,VERB,show,4
dynamic,AUTHORSHIP,VERB,bring,3
dynamic,AUTHORSHIP,VERB,craft,3
dynamic,AUTHORSHIP,VERB,draft,3
dynamic,AUTHORSHIP,VERB,enjoy,3
dynamic,AUTHORSHIP,VERB,finish,3
dynamic,AUTHORSHIP,VERB,flow,3
dynamic,AUTHORSHIP,VERB,improve,3
dynamic,AUTHORSHIP,VERB,love,3
dynamic,AUTHORSHIP,VERB,organize,3
dynamic,AUTHORSHIP,VERB,sell,3
dynamic,AUTHORSHIP,VERB,send,3
dynamic,AUTHORSHIP,VERB,break,2
dynamic,AUTHORSHIP,VERB,clean,2
dynamic,AUTHORSHIP,VERB,consume,2
dynamic,AUTHORSHIP,VERB,incorporate,2
dynamic,AUTHORSHIP,VERB,plan,2
dynamic,AUTHORSHIP,VERB,build,1
dynamic,AUTHORSHIP,VERB,combine,1
dynamic,AUTHORSHIP,VERB,deliver,1
dynamic,AUTHORSHIP,VERB,lean,1
dynamic,AUTHORSHIP,VERB,paint,1
dynamic,AUTHORSHIP,VERB,pay,1
dynamic,AUTHORSHIP,VERB,train,1
dynamic,CONTROL,NOUN,decision,69
dynamic,CONTROL,NOUN,control,23
dynamic,CONTROL,NOUN,direction,16
dynamic,CONTROL,NOUN,question,15
dynamic,CONTROL,NOUN,experience,6
dynamic,CONTROL,NOUN,media,4
dynamic,CONTROL,NOUN,flow,3
dynamic,CONTROL,NOUN,chat,2
dynamic,CONTROL,VERB,make,57
dynamic,CONTROL,VERB,drive,50
dynamic,CONTROL,VERB,decide,10
dynamic,CONTROL,VERB,direct,8
dynamic,CONTROL,VERB,let,7
dynamic,CONTROL,VERB,allow,6
dynamic,CONTROL,VERB,lead,6
dynamic,CONTROL,VERB,choose,5
dynamic,CONTROL,VERB,guide,5
dynamic,CONTROL,VERB,set,5
dynamic,CONTROL,VERB,pick,3
dynamic,IDEATION,NOUN,idea,106
dynamic,IDEATION,NOUN,use,92
dynamic,IDEATION,NOUN,etc.,11
dynamic,IDEATION,NOUN,creativity,9
dynamic,IDEATION,NOUN,sound,9
dynamic,IDEATION,NOUN,style,8
dynamic,IDEATION,NOUN,theme,7
dynamic,IDEATION,NOUN,concept,6
dynamic,IDEATION,NOUN,editing,6
dynamic,IDEATION,NOUN,term,6
dynamic,IDEATION,NOUN,outline,5
dynamic,IDEATION,NOUN,situation,4
dynamic,IDEATION,NOUN,sort,4
dynamic,IDEATION,NOUN,tone,4
dynamic,IDEATION,NOUN,fact,3
dynamic,IDEATION,NOUN,board,2
dynamic,IDEATION,NOUN,inspiration,2
dynamic,IDEATION,NOUN,reader,2
dynamic,IDEATION,NOUN,area,1
dynamic,IDEATION,NOUN,course,1
dynamic,IDEATION,NOUN,feature,1
dynamic,IDEATION,NOUN,option,1
dynamic,IDEATION,NOUN,planning,1
dynamic,IDEATION,VERB,have,157
dynamic,IDEATION,VERB,like,99
dynamic,IDEATION,VERB,get,59
dynamic,IDEATION,VERB,give,44
dynamic,IDEATION,VERB,think,42
dynamic,IDEATION,VERB,try,27
dynamic,IDEATION,VERB,come,26
dynamic,IDEATION,VERB,find,22
dynamic,IDEATION,VERB,look,21
dynamic,IDEATION,VERB,tell,20
dynamic,IDEATION,VERB,start,14
dynamic,IDEATION,VERB,research,12
dynamic,IDEATION,VERB,keep,10
dynamic,IDEATION,VERB,consider,9
dynamic,IDEATION,VERB,follow,9
dynamic,IDEATION,VERB,base,7
dynamic,IDEATION,VERB,search,7
dynamic,IDEATION,VERB,refine,6
dynamic,IDEATION,VERB,talk,6
dynamic,IDEATION,VERB,brainstorm,5
dynamic,IDEATION,VERB,expand,5
dynamic,IDEATION,VERB,outline,5
dynamic,IDEATION,VERB,turn,5
dynamic,IDEATION,VERB,complete,4
dynamic,IDEATION,VERB,copy,4
dynamic,IDEATION,VERB,explain,4
dynamic,IDEATION,VERB,explore,4
dynamic,IDEATION,VERB,hone,4
dynamic,IDEATION,VERB,spark,4
dynamic,IDEATION,VERB,develop,3
dynamic,IDEATION,VERB,iterate,3
dynamic,IDEATION,VERB,learn,3
dynamic,IDEATION,VERB,offer,3
dynamic,IDEATION,VERB,bounce,2
dynamic,IDEATION,VERB,discuss,2
dynamic,IDEATION,VERB,present,2
dynamic,IDEATION,VERB,pull,2
dynamic,IDEATION,VERB,shift,2
dynamic,IDEATION,VERB,stay,2
dynamic,IDEATION,VERB,connect,1
dynamic,IDEATION,VERB,figure,1
dynamic,IDEATION,VERB,share,1
dynamic,IDEATION,VERB,utilize,1
extra_comments,AI_USE,NOUN,ai,47
extra_comments,AI_USE,NOUN,thanks,19
extra_comments,AI_USE,NOUN,time,15
extra_comments,AI_USE,NOUN,way,10
extra_comments,AI_USE,NOUN,creative,8
extra_comments,AI_USE,NOUN,model,8
extra_comments,AI_USE,NOUN,lot,6
extra_comments,AI_USE,NOUN,tool,6
extra_comments,AI_USE,NOUN,future,5
extra_comments,AI_USE,NOUN,help,5
extra_comments,AI_USE,NOUN,process,5
extra_comments,AI_USE,NOUN,aspect,4
extra_comments,AI_USE,NOUN,need,4
extra_comments,AI_USE,NOUN,one,4
extra_comments,AI_USE,NOUN,research,4
extra_comments,AI_USE,NOUN,result,4
extra_comments,AI_USE,NOUN,change,3
extra_comments,AI_USE,NOUN,example,3
extra_comments,AI_USE,NOUN,generation,3
extra_comments,AI_USE,NOUN,job,3
extra_comments,AI_USE,NOUN,prompt,3
extra_comments,AI_USE,NOUN,voice,3
extra_comments,AI_USE,NOUN,admin,2
extra_comments,AI_USE,NOUN,artist,2
extra_comments,AI_USE,NOUN,assistant,2
extra_comments,AI_USE,NOUN,character,2
extra_comments,AI_USE,NOUN,day,2
extra_comments,AI_USE,NOUN,development,2
extra_comments,AI_USE,NOUN,industry,2
extra_comments,AI_USE,NOUN,mind,2
extra_comments,AI_USE,NOUN,moment,2
extra_comments,AI_USE,NOUN,point,2
extra_comments,AI_USE,NOUN,sense,2
extra_comments,AI_USE,NOUN,suggestion,2
extra_comments,AI_USE,NOUN,amount,1
extra_comments,AI_USE,NOUN,author,1
extra_comments,AI_USE,NOUN,brainstorming,1
extra_comments,AI_USE,NOUN,client,1
extra_comments,AI_USE,NOUN,creation,1
extra_comments,AI_USE,NOUN,datum,1
extra_comments,AI_USE,NOUN,eye,1
extra_comments,AI_USE,NOUN,form,1
extra_comments,AI_USE,NOUN,google,1
extra_comments,AI_USE,NOUN,information,1
extra_comments,AI_USE,NOUN,issue,1
extra_comments,AI_USE,NOUN,level,1
extra_comments,AI_USE,NOUN,life,1
extra_comments,AI_USE,NOUN,llm,1
extra_comments,AI_USE,NOUN,name,1
extra_comments,AI_USE,NOUN,past,1
extra_comments,AI_USE,NOUN,perspective,1
extra_comments,AI_USE,NOUN,place,1
extra_comments,AI_USE,NOUN,production,1
extra_comments,AI_USE,NOUN,response,1
extra_comments,AI_USE,NOUN,software,1
extra_comments,AI_USE,NOUN,source,1
extra_comments,AI_USE,NOUN,stuff,1
extra_comments,AI_USE,NOUN,system,1
extra_comments,AI_USE,NOUN,topic,1
extra_comments,AI_USE,NOUN,week,1
extra_comments,AI_USE,NOUN,writer,1
extra_comments,AI_USE,VERB,do,34
extra_comments,AI_USE,VERB,thank,32
extra_comments,AI_USE,VERB,use,20
extra_comments,AI_USE,VERB,cover,11
extra_comments,AI_USE,VERB,hope,6
extra_comments,AI_USE,VERB,see,6
extra_comments,AI_USE,VERB,take,6
extra_comments,AI_USE,VERB,want,6
extra_comments,AI_USE,VERB,help,5
extra_comments,AI_USE,VERB,know,5
extra_comments,AI_USE,VERB,ask,4
extra_comments,AI_USE,VERB,become,4
extra_comments,AI_USE,VERB,believe,4
extra_comments,AI_USE,VERB,feel,4
extra_comments,AI_USE,VERB,generate,4
extra_comments,AI_USE,VERB,sound,4
extra_comments,AI_USE,VERB,handle,3
extra_comments,AI_USE,VERB,prompt,3
extra_comments,AI_USE,VERB,say,3
extra_comments,AI_USE,VERB,buy,2
extra_comments,AI_USE,VERB,fit,2
extra_comments,AI_USE,VERB,hear,2
extra_comments,AI_USE,VERB,notice,2
extra_comments,AI_USE,VERB,point,2
extra_comments,AI_USE,VERB,provide,2
extra_comments,AI_USE,VERB,push,2
extra_comments,AI_USE,VERB,understand,2
extra_comments,AI_USE,VERB,accept,1
extra_comments,AI_USE,VERB,adapt,1
extra_comments,AI_USE,VERB,affect,1
extra_comments,AI_USE,VERB,automate,1
extra_comments,AI_USE,VERB,check,1
extra_comments,AI_USE,VERB,exist,1
extra_comments,AI_USE,VERB,focus,1
extra_comments,AI_USE,VERB,guess,1
extra_comments,AI_USE,VERB,happen,1
extra_comments,AI_USE,VERB,place,1
extra_comments,AI_USE,VERB,play,1
extra_comments,AI_USE,VERB,replace,1
extra_comments,AI_USE,VERB,require,1
extra_comments,AI_USE,VERB,save,1
extra_comments,AI_USE,VERB,spend,1
extra_comments,AI_USE,VERB,stand,1
extra_comments,AI_USE,VERB,struggle,1
extra_comments,AUTHORSHIP,NOUN,thing,12
extra_comments,AUTHORSHIP,NOUN,cover,11
extra_comments,AUTHORSHIP,NOUN,work,11
extra_comments,AUTHORSHIP,NOUN,person,9
extra_comments,AUTHORSHIP,NOUN,human,6
extra_comments,AUTHORSHIP,NOUN,image,6
extra_comments,AUTHORSHIP,NOUN,art,5
extra_comments,AUTHORSHIP,NOUN,text,5
extra_comments,AUTHORSHIP,NOUN,project,4
extra_comments,AUTHORSHIP,NOUN,type,4
extra_comments,AUTHORSHIP,NOUN,video,4
extra_comments,AUTHORSHIP,NOUN,conversation,3
extra_comments,AUTHORSHIP,NOUN,kind,3
extra_comments,AUTHORSHIP,NOUN,part,3
extra_comments,AUTHORSHIP,NOUN,photo,3
extra_comments,AUTHORSHIP,NOUN,picture,3
extra_comments,AUTHORSHIP,NOUN,quality,3
extra_comments,AUTHORSHIP,NOUN,world,3
extra_comments,AUTHORSHIP,NOUN,writing,3
extra_comments,AUTHORSHIP,NOUN,design,2
extra_comments,AUTHORSHIP,NOUN,element,2
extra_comments,AUTHORSHIP,NOUN,music,2
extra_comments,AUTHORSHIP,NOUN,problem,2
extra_comments,AUTHORSHIP,NOUN,product,2
extra_comments,AUTHORSHIP,NOUN,set,2
extra_comments,AUTHORSHIP,NOUN,song,2
extra_comments,AUTHORSHIP,NOUN,space,2
extra_comments,AUTHORSHIP,NOUN,story,2
extra_comments,AUTHORSHIP,NOUN,book,1
extra_comments,AUTHORSHIP,NOUN,content,1
extra_comments,AUTHORSHIP,NOUN,effect,1
extra_comments,AUTHORSHIP,NOUN,email,1
extra_comments,AUTHORSHIP,NOUN,hand,1
extra_comments,AUTHORSHIP,NOUN,number,1
extra_comments,AUTHORSHIP,NOUN,piece,1
extra_comments,AUTHORSHIP,NOUN,reference,1
extra_comments,AUTHORSHIP,NOUN,side,1
extra_comments,AUTHORSHIP,NOUN,website,1
extra_comments,AUTHORSHIP,NOUN,word,1
extra_comments,AUTHORSHIP,VERB,be,159
extra_comments,AUTHORSHIP,VERB,work,11
extra_comments,AUTHORSHIP,VERB,add,5
extra_comments,AUTHORSHIP,VERB,need,4
extra_comments,AUTHORSHIP,VERB,write,4
extra_comments,AUTHORSHIP,VERB,change,3
extra_comments,AUTHORSHIP,VERB,mention,3
extra_comments,AUTHORSHIP,VERB,build,2
extra_comments,AUTHORSHIP,VERB,design,2
extra_comments,AUTHORSHIP,VERB,enjoy,2
extra_comments,AUTHORSHIP,VERB,paint,2
extra_comments,AUTHORSHIP,VERB,put,2
extra_comments,AUTHORSHIP,VERB,send,2
extra_comments,AUTHORSHIP,VERB,break,1
extra_comments,AUTHORSHIP,VERB,create,1
extra_comments,AUTHORSHIP,VERB,deliver,1
extra_comments,AUTHORSHIP,VERB,draw,1
extra_comments,AUTHORSHIP,VERB,finish,1
extra_comments,AUTHORSHIP,VERB,go,1
extra_comments,AUTHORSHIP,VERB,improve,1
extra_comments,AUTHORSHIP,VERB,include,1
extra_comments,AUTHORSHIP,VERB,incorporate,1
extra_comments,AUTHORSHIP,VERB,involve,1
extra_comments,AUTHORSHIP,VERB,lose,1
extra_comments,AUTHORSHIP,VERB,move,1
extra_comments,AUTHORSHIP,VERB,produce,1
extra_comments,AUTHORSHIP,VERB,read,1
extra_comments,AUTHORSHIP,VERB,upload,1
extra_comments,CONTROL,NOUN,chat,4
extra_comments,CONTROL,NOUN,question,2
extra_comments,CONTROL,NOUN,control,1
extra_comments,CONTROL,NOUN,direction,1
extra_comments,CONTROL,NOUN,experience,1
extra_comments,CONTROL,VERB,make,8
extra_comments,CONTROL,VERB,manage,2
extra_comments,CONTROL,VERB,set,2
extra_comments,CONTROL,VERB,let,1
extra_comments,CONTROL,VERB,pick,1
extra_comments,IDEATION,NOUN,use,20
extra_comments,IDEATION,NOUN,style,8
extra_comments,IDEATION,NOUN,idea,5
extra_comments,IDEATION,NOUN,sound,4
extra_comments,IDEATION,NOUN,creativity,3
extra_comments,IDEATION,NOUN,etc.,3
extra_comments,IDEATION,NOUN,fact,2
extra_comments,IDEATION,NOUN,area,1
extra_comments,IDEATION,NOUN,inspiration,1
extra_comments,IDEATION,NOUN,marketing,1
extra_comments,IDEATION,NOUN,option,1
extra_comments,IDEATION,NOUN,reader,1
extra_comments,IDEATION,NOUN,situation,1
extra_comments,IDEATION,NOUN,tone,1
extra_comments,IDEATION,VERB,think,46
extra_comments,IDEATION,VERB,have,43
extra_comments,IDEATION,VERB,like,16
extra_comments,IDEATION,VERB,get,8
extra_comments,IDEATION,VERB,give,7
extra_comments,IDEATION,VERB,come,6
extra_comments,IDEATION,VERB,find,6
extra_comments,IDEATION,VERB,look,6
extra_comments,IDEATION,VERB,research,4
extra_comments,IDEATION,VERB,start,4
extra_comments,IDEATION,VERB,base,3
extra_comments,IDEATION,VERB,consider,3
extra_comments,IDEATION,VERB,develop,3
extra_comments,IDEATION,VERB,share,3
extra_comments,IDEATION,VERB,talk,3
extra_comments,IDEATION,VERB,refine,2
extra_comments,IDEATION,VERB,tell,2
extra_comments,IDEATION,VERB,try,2
extra_comments,IDEATION,VERB,connect,1
extra_comments,IDEATION,VERB,imagine,1
extra_comments,IDEATION,VERB,keep,1
extra_comments,IDEATION,VERB,learn,1
extra_comments,IDEATION,VERB,offer,1
extra_comments,IDEATION,VERB,present,1
future,AI_USE,NOUN,ai,229
future,AI_USE,NOUN,help,52
future,AI_USE,NOUN,time,45
future,AI_USE,NOUN,tool,44
future,AI_USE,NOUN,creative,40
future,AI_USE,NOUN,model,33
future,AI_USE,NOUN,way,32
future,AI_USE,NOUN,one,24
future,AI_USE,NOUN,year,24
future,AI_USE,NOUN,process,21
future,AI_USE,NOUN,change,20
future,AI_USE,NOUN,need,20
future,AI_USE,NOUN,research,16
future,AI_USE,NOUN,character,15
future,AI_USE,NOUN,edit,15
future,AI_USE,NOUN,task,15
future,AI_USE,NOUN,aspect,14
future,AI_USE,NOUN,generation,13
future,AI_USE,NOUN,lot,13
future,AI_USE,NOUN,prompt,13
future,AI_USE,NOUN,assistant,12
future,AI_USE,NOUN,future,12
future,AI_USE,NOUN,job,12
future,AI_USE,NOUN,information,11
future,AI_USE,NOUN,role,11
future,AI_USE,NOUN,artist,10
future,AI_USE,NOUN,creation,10
future,AI_USE,NOUN,example,10
future,AI_USE,NOUN,place,10
future,AI_USE,NOUN,voice,10
future,AI_USE,NOUN,bit,9
future,AI_USE,NOUN,brainstorming,8
future,AI_USE,NOUN,company,8
future,AI_USE,NOUN,end,8
future,AI_USE,NOUN,hour,8
future,AI_USE,NOUN,output,8
future,AI_USE,NOUN,amount,7
future,AI_USE,NOUN,partner,7
future,AI_USE,NOUN,point,7
future,AI_USE,NOUN,sense,7
future,AI_USE,NOUN,answer,6
future,AI_USE,NOUN,business,6
future,AI_USE,NOUN,day,6
future,AI_USE,NOUN,level,6
future,AI_USE,NOUN,stuff,6
future,AI_USE,NOUN,writer,6
future,AI_USE,NOUN,admin,5
future,AI_USE,NOUN,audio,5
future,AI_USE,NOUN,author,5
future,AI_USE,NOUN,color,5
future,AI_USE,NOUN,datum,5
future,AI_USE,NOUN,designer,5
future,AI_USE,NOUN,feedback,5
future,AI_USE,NOUN,form,5
future,AI_USE,NOUN,knowledge,5
future,AI_USE,NOUN,response,5
future,AI_USE,NOUN,result,5
future,AI_USE,NOUN,service,5
future,AI_USE,NOUN,moment,4
future,AI_USE,NOUN,past,4
future,AI_USE,NOUN,plot,4
future,AI_USE,NOUN,production,4
future,AI_USE,NOUN,step,4
future,AI_USE,NOUN,background,3
future,AI_USE,NOUN,effort,3
future,AI_USE,NOUN,eye,3
future,AI_USE,NOUN,llm,3
future,AI_USE,NOUN,market,3
future,AI_USE,NOUN,subject,3
future,AI_USE,NOUN,suggestion,3
future,AI_USE,NOUN,thought,3
future,AI_USE,NOUN,gap,2
future,AI_USE,NOUN,industry,2
future,AI_USE,NOUN,issue,2
future,AI_USE,NOUN,life,2
future,AI_USE,NOUN,mind,2
future,AI_USE,NOUN,money,2
future,AI_USE,NOUN,month,2
future,AI_USE,NOUN,name,2
future,AI_USE,NOUN,perspective,2
future,AI_USE,NOUN,purpose,2
future,AI_USE,NOUN,show,2
future,AI_USE,NOUN,software,2
future,AI_USE,NOUN,system,2
future,AI_USE,NOUN,topic,2
future,AI_USE,NOUN,track,2
future,AI_USE,NOUN,week,2
future,AI_USE,NOUN,case,1
future,AI_USE,NOUN,client,1
future,AI_USE,NOUN,concern,1
future,AI_USE,NOUN,detail,1
future,AI_USE,NOUN,development,1
future,AI_USE,NOUN,google,1
future,AI_USE,NOUN,thinking,1
future,AI_USE,VERB,use,142
future,AI_USE,VERB,do,116
future,AI_USE,VERB,see,90
future,AI_USE,VERB,help,52
future,AI_USE,VERB,continue,38
future,AI_USE,VERB,want,34
future,AI_USE,VERB,become,28
future,AI_USE,VERB,generate,27
future,AI_USE,VERB,feel,22
future,AI_USE,VERB,hope,22
future,AI_USE,VERB,know,21
future,AI_USE,VERB,take,19
future,AI_USE,VERB,say,16
future,AI_USE,VERB,evolve,14
future,AI_USE,VERB,prompt,13
future,AI_USE,VERB,provide,13
future,AI_USE,VERB,ask,12
future,AI_USE,VERB,check,10
future,AI_USE,VERB,place,10
future,AI_USE,VERB,replace,9
future,AI_USE,VERB,sound,9
future,AI_USE,VERB,end,8
future,AI_USE,VERB,expect,8
future,AI_USE,VERB,save,8
future,AI_USE,VERB,understand,8
future,AI_USE,VERB,believe,7
future,AI_USE,VERB,point,7
future,AI_USE,VERB,grow,6
future,AI_USE,VERB,adapt,5
future,AI_USE,VERB,cover,5
future,AI_USE,VERB,leave,5
future,AI_USE,VERB,rely,5
future,AI_USE,VERB,seem,5
future,AI_USE,VERB,automate,4
future,AI_USE,VERB,avoid,4
future,AI_USE,VERB,exist,4
future,AI_USE,VERB,handle,4
future,AI_USE,VERB,hear,4
future,AI_USE,VERB,seek,4
future,AI_USE,VERB,struggle,4
future,AI_USE,VERB,accept,3
future,AI_USE,VERB,act,3
future,AI_USE,VERB,begin,3
future,AI_USE,VERB,depend,3
future,AI_USE,VERB,fill,3
future,AI_USE,VERB,focus,3
future,AI_USE,VERB,play,3
future,AI_USE,VERB,reach,3
future,AI_USE,VERB,require,3
future,AI_USE,VERB,run,3
future,AI_USE,VERB,spend,3
future,AI_USE,VERB,worry,3
future,AI_USE,VERB,affect,2
future,AI_USE,VERB,apply,2
future,AI_USE,VERB,buy,2
future,AI_USE,VERB,capture,2
future,AI_USE,VERB,fall,2
future,AI_USE,VERB,guess,2
future,AI_USE,VERB,happen,2
future,AI_USE,VERB,mean,2
future,AI_USE,VERB,notice,2
future,AI_USE,VERB,paste,2
future,AI_USE,VERB,push,2
future,AI_USE,VERB,realize,2
future,AI_USE,VERB,remember,2
future,AI_USE,VERB,speak,2
future,AI_USE,VERB,stand,2
future,AI_USE,VERB,attempt,1
future,AI_USE,VERB,call,1
future,AI_USE,VERB,compare,1
future,AI_USE,VERB,ensure,1
future,AI_USE,VERB,fit,1
future,AI_USE,VERB,hit,1
future,AI_USE,VERB,maintain,1
future,AI_USE,VERB,prefer,1
future,AI_USE,VERB,record,1
future,AI_USE,VERB,vary,1
future,AUTHORSHIP,NOUN,work,68
future,AUTHORSHIP,NOUN,image,37
future,AUTHORSHIP,NOUN,thing,34
future,AUTHORSHIP,NOUN,person,30
future,AUTHORSHIP,NOUN,video,27
future,AUTHORSHIP,NOUN,writing,26
future,AUTHORSHIP,NOUN,design,23
future,AUTHORSHIP,NOUN,human,22
future,AUTHORSHIP,NOUN,project,20
future,AUTHORSHIP,NOUN,content,14
future,AUTHORSHIP,NOUN,part,13
future,AUTHORSHIP,NOUN,music,11
future,AUTHORSHIP,NOUN,novel,11
future,AUTHORSHIP,NOUN,product,10
future,AUTHORSHIP,NOUN,art,9
future,AUTHORSHIP,NOUN,field,9
future,AUTHORSHIP,NOUN,story,9
future,AUTHORSHIP,NOUN,game,8
future,AUTHORSHIP,NOUN,skill,8
future,AUTHORSHIP,NOUN,website,8
future,AUTHORSHIP,NOUN,asset,7
future,AUTHORSHIP,NOUN,piece,7
future,AUTHORSHIP,NOUN,word,7
future,AUTHORSHIP,NOUN,world,7
future,AUTHORSHIP,NOUN,email,6
future,AUTHORSHIP,NOUN,photo,6
future,AUTHORSHIP,NOUN,quality,6
future,AUTHORSHIP,NOUN,series,6
future,AUTHORSHIP,NOUN,side,6
future,AUTHORSHIP,NOUN,space,6
future,AUTHORSHIP,NOUN,book,5
future,AUTHORSHIP,NOUN,cover,5
future,AUTHORSHIP,NOUN,effect,5
future,AUTHORSHIP,NOUN,line,5
future,AUTHORSHIP,NOUN,self,5
future,AUTHORSHIP,NOUN,conversation,4
future,AUTHORSHIP,NOUN,element,4
future,AUTHORSHIP,NOUN,film,4
future,AUTHORSHIP,NOUN,number,4
future,AUTHORSHIP,NOUN,picture,4
future,AUTHORSHIP,NOUN,scene,4
future,AUTHORSHIP,NOUN,set,4
future,AUTHORSHIP,NOUN,stage,4
future,AUTHORSHIP,NOUN,text,4
future,AUTHORSHIP,NOUN,type,4
future,AUTHORSHIP,NOUN,couple,3
future,AUTHORSHIP,NOUN,graphic,3
future,AUTHORSHIP,NOUN,hand,3
future,AUTHORSHIP,NOUN,list,3
future,AUTHORSHIP,NOUN,post,3
future,AUTHORSHIP,NOUN,problem,3
future,AUTHORSHIP,NOUN,draft,2
future,AUTHORSHIP,NOUN,order,2
future,AUTHORSHIP,NOUN,reference,2
future,AUTHORSHIP,NOUN,song,2
future,AUTHORSHIP,NOUN,web,2
future,AUTHORSHIP,NOUN,article,1
future,AUTHORSHIP,NOUN,copy,1
future,AUTHORSHIP,NOUN,description,1
future,AUTHORSHIP,NOUN,kind,1
future,AUTHORSHIP,NOUN,material,1
future,AUTHORSHIP,NOUN,note,1
future,AUTHORSHIP,NOUN,page,1
future,AUTHORSHIP,NOUN,script,1
future,AUTHORSHIP,VERB,be,459
future,AUTHORSHIP,VERB,work,68
future,AUTHORSHIP,VERB,create,45
future,AUTHORSHIP,VERB,go,24
future,AUTHORSHIP,VERB,improve,24
future,AUTHORSHIP,VERB,design,23
future,AUTHORSHIP,VERB,change,20
future,AUTHORSHIP,VERB,need,20
future,AUTHORSHIP,VERB,write,20
future,AUTHORSHIP,VERB,edit,15
future,AUTHORSHIP,VERB,love,12
future,AUTHORSHIP,VERB,produce,11
future,AUTHORSHIP,VERB,integrate,8
future,AUTHORSHIP,VERB,mention,8
future,AUTHORSHIP,VERB,add,7
future,AUTHORSHIP,VERB,answer,6
future,AUTHORSHIP,VERB,build,6
future,AUTHORSHIP,VERB,consume,6
future,AUTHORSHIP,VERB,include,6
future,AUTHORSHIP,VERB,plan,6
future,AUTHORSHIP,VERB,train,6
future,AUTHORSHIP,VERB,cut,5
future,AUTHORSHIP,VERB,finish,5
future,AUTHORSHIP,VERB,pay,5
future,AUTHORSHIP,VERB,put,5
future,AUTHORSHIP,VERB,upload,5
future,AUTHORSHIP,VERB,enjoy,4
future,AUTHORSHIP,VERB,feed,4
future,AUTHORSHIP,VERB,assist,3
future,AUTHORSHIP,VERB,flow,3
future,AUTHORSHIP,VERB,identify,3
future,AUTHORSHIP,VERB,incorporate,3
future,AUTHORSHIP,VERB,involve,3
future,AUTHORSHIP,VERB,publish,3
future,AUTHORSHIP,VERB,sell,3
future,AUTHORSHIP,VERB,break,2
future,AUTHORSHIP,VERB,combine,2
future,AUTHORSHIP,VERB,draft,2
future,AUTHORSHIP,VERB,lean,2
future,AUTHORSHIP,VERB,lose,2
future,AUTHORSHIP,VERB,move,2
future,AUTHORSHIP,VERB,organize,2
future,AUTHORSHIP,VERB,receive,2
future,AUTHORSHIP,VERB,remove,2
future,AUTHORSHIP,VERB,show,2
future,AUTHORSHIP,VERB,suggest,2
future,AUTHORSHIP,VERB,bring,1
future,AUTHORSHIP,VERB,clean,1
future,AUTHORSHIP,VERB,draw,1
future,AUTHORSHIP,VERB,miss,1
future,AUTHORSHIP,VERB,paint,1
future,AUTHORSHIP,VERB,read,1
future,AUTHORSHIP,VERB,send,1
future,CONTROL,NOUN,media,9
future,CONTROL,NOUN,question,5
future,CONTROL,NOUN,control,4
future,CONTROL,NOUN,flow,3
future,CONTROL,NOUN,experience,2
future,CONTROL,NOUN,direction,1
future,CONTROL,VERB,make,43
future,CONTROL,VERB,allow,6
future,CONTROL,VERB,let,6
future,CONTROL,VERB,lead,4
future,CONTROL,VERB,set,4
future,CONTROL,VERB,determine,2
future,CONTROL,VERB,guide,1
future,CONTROL,VERB,manage,1
future,CONTROL,VERB,pick,1
future,IDEATION,NOUN,use,142
future,IDEATION,NOUN,idea,19
future,IDEATION,NOUN,editing,16
future,IDEATION,NOUN,etc.,13
future,IDEATION,NOUN,sound,9
future,IDEATION,NOUN,style,8
future,IDEATION,NOUN,area,7
future,IDEATION,NOUN,creativity,7
future,IDEATION,NOUN,marketing,7
future,IDEATION,NOUN,term,5
future,IDEATION,NOUN,concept,4
future,IDEATION,NOUN,option,4
future,IDEATION,NOUN,sort,4
future,IDEATION,NOUN,tone,4
future,IDEATION,NOUN,blog,3
future,IDEATION,NOUN,course,3
future,IDEATION,NOUN,reader,3
future,IDEATION,NOUN,situation,3
future,IDEATION,NOUN,board,2
future,IDEATION,NOUN,fact,2
future,IDEATION,NOUN,feature,2
future,IDEATION,NOUN,inspiration,2
future,IDEATION,NOUN,outline,2
future,IDEATION,VERB,have,124
future,IDEATION,VERB,think,94
future,IDEATION,VERB,like,71
future,IDEATION,VERB,get,56
future,IDEATION,VERB,look,24
future,IDEATION,VERB,keep,20
future,IDEATION,VERB,give,17
future,IDEATION,VERB,find,16
future,IDEATION,VERB,research,16
future,IDEATION,VERB,come,13
future,IDEATION,VERB,start,11
future,IDEATION,VERB,expand,10
future,IDEATION,VERB,tell,9
future,IDEATION,VERB,imagine,8
future,IDEATION,VERB,learn,8
future,IDEATION,VERB,develop,7
future,IDEATION,VERB,base,6
future,IDEATION,VERB,refine,6
future,IDEATION,VERB,utilize,6
future,IDEATION,VERB,shift,5
future,IDEATION,VERB,try,5
future,IDEATION,VERB,complete,4
future,IDEATION,VERB,talk,4
future,IDEATION,VERB,connect,3
future,IDEATION,VERB,explore,3
future,IDEATION,VERB,offer,3
future,IDEATION,VERB,figure,2
future,IDEATION,VERB,outline,2
future,IDEATION,VERB,pull,2
future,IDEATION,VERB,spark,2
future,IDEATION,VERB,turn,2
future,IDEATION,VERB,wait,2
future,IDEATION,VERB,bounce,1
future,IDEATION,VERB,consider,1
future,IDEATION,VERB,copy,1
future,IDEATION,VERB,discuss,1
future,IDEATION,VERB,engage,1
future,IDEATION,VERB,explain,1
future,IDEATION,VERB,follow,1
future,IDEATION,VERB,present,1
future,IDEATION,VERB,stay,1
intro,AI_USE,NOUN,time,2
intro,AI_USE,NOUN,answer,1
intro,AI_USE,NOUN,artist,1
intro,AI_USE,NOUN,company,1
intro,AI_USE,NOUN,help,1
intro,AI_USE,NOUN,life,1
intro,AI_USE,NOUN,moment,1
intro,AI_USE,NOUN,need,1
intro,AI_USE,NOUN,research,1
intro,AI_USE,NOUN,thanks,1
intro,AI_USE,NOUN,writer,1
intro,AI_USE,VERB,sound,78
intro,AI_USE,VERB,do,22
intro,AI_USE,VERB,begin,19
intro,AI_USE,VERB,continue,1
intro,AI_USE,VERB,feel,1
intro,AI_USE,VERB,help,1
intro,AI_USE,VERB,hope,1
intro,AI_USE,VERB,know,1
intro,AI_USE,VERB,say,1
intro,AI_USE,VERB,thank,1
intro,AI_USE,VERB,understand,1
intro,AI_USE,VERB,want,1
intro,AUTHORSHIP,NOUN,note,1
intro,AUTHORSHIP,NOUN,self,1
intro,AUTHORSHIP,NOUN,work,1
intro,AUTHORSHIP,VERB,be,24
intro,AUTHORSHIP,VERB,go,18
intro,AUTHORSHIP,VERB,answer,1
intro,AUTHORSHIP,VERB,create,1
intro,AUTHORSHIP,VERB,need,1
intro,AUTHORSHIP,VERB,work,1
intro,CONTROL,NOUN,question,43
intro,CONTROL,VERB,let,33
intro,IDEATION,NOUN,sound,78
intro,IDEATION,VERB,have,22
intro,IDEATION,VERB,start,7
intro,IDEATION,VERB,get,5
intro,IDEATION,VERB,think,5
intro,IDEATION,VERB,research,1
intro,IDEATION,VERB,talk,1
project_example,AI_USE,NOUN,ai,214
project_example,AI_USE,NOUN,help,72
project_example,AI_USE,NOUN,model,56
project_example,AI_USE,NOUN,time,56
project_example,AI_USE,NOUN,one,52
project_example,AI_USE,NOUN,need,48
project_example,AI_USE,NOUN,character,43
project_example,AI_USE,NOUN,creative,29
project_example,AI_USE,NOUN,client,28
project_example,AI_USE,NOUN,lot,27
project_example,AI_USE,NOUN,way,27
project_example,AI_USE,NOUN,process,26
project_example,AI_USE,NOUN,example,25
project_example,AI_USE,NOUN,tool,25
project_example,AI_USE,NOUN,suggestion,24
project_example,AI_USE,NOUN,change,21
project_example,AI_USE,NOUN,end,21
project_example,AI_USE,NOUN,day,20
project_example,AI_USE,NOUN,research,20
project_example,AI_USE,NOUN,detail,18
project_example,AI_USE,NOUN,name,18
project_example,AI_USE,NOUN,point,18
project_example,AI_USE,NOUN,prompt,17
project_example,AI_USE,NOUN,edit,16
project_example,AI_USE,NOUN,information,16
project_example,AI_USE,NOUN,show,15
project_example,AI_USE,NOUN,business,13
project_example,AI_USE,NOUN,result,13
project_example,AI_USE,NOUN,bit,12
project_example,AI_USE,NOUN,color,12
project_example,AI_USE,NOUN,plot,12
project_example,AI_USE,NOUN,year,12
project_example,AI_USE,NOUN,feedback,11
project_example,AI_USE,NOUN,eye,10
project_example,AI_USE,NOUN,job,10
project_example,AI_USE,NOUN,moment,10
project_example,AI_USE,NOUN,place,10
project_example,AI_USE,NOUN,version,10
project_example,AI_USE,NOUN,chatgpt,9
project_example,AI_USE,NOUN,past,9
project_example,AI_USE,NOUN,service,9
project_example,AI_USE,NOUN,track,9
project_example,AI_USE,NOUN,gap,8
project_example,AI_USE,NOUN,purpose,8
project_example,AI_USE,NOUN,amount,7
project_example,AI_USE,NOUN,aspect,7
project_example,AI_USE,NOUN,case,7
project_example,AI_USE,NOUN,creation,7
project_example,AI_USE,NOUN,issue,7
project_example,AI_USE,NOUN,mind,7
project_example,AI_USE,NOUN,sense,7
project_example,AI_USE,NOUN,software,7
project_example,AI_USE,NOUN,task,7
project_example,AI_USE,NOUN,topic,7
project_example,AI_USE,NOUN,answer,6
project_example,AI_USE,NOUN,artist,6
project_example,AI_USE,NOUN,assistant,6
project_example,AI_USE,NOUN,company,6
project_example,AI_USE,NOUN,hour,6
project_example,AI_USE,NOUN,level,6
project_example,AI_USE,NOUN,llm,6
project_example,AI_USE,NOUN,week,6
project_example,AI_USE,NOUN,background,5
project_example,AI_USE,NOUN,datum,5
project_example,AI_USE,NOUN,life,5
project_example,AI_USE,NOUN,search,5
project_example,AI_USE,NOUN,step,5
project_example,AI_USE,NOUN,audio,4
project_example,AI_USE,NOUN,brainstorming,4
project_example,AI_USE,NOUN,partner,4
project_example,AI_USE,NOUN,perspective,4
project_example,AI_USE,NOUN,role,4
project_example,AI_USE,NOUN,subject,4
project_example,AI_USE,NOUN,thought,4
project_example,AI_USE,NOUN,voice,4
project_example,AI_USE,NOUN,author,3
project_example,AI_USE,NOUN,future,3
project_example,AI_USE,NOUN,google,3
project_example,AI_USE,NOUN,industry,3
project_example,AI_USE,NOUN,money,3
project_example,AI_USE,NOUN,production,3
project_example,AI_USE,NOUN,response,3
project_example,AI_USE,NOUN,source,3
project_example,AI_USE,NOUN,writer,3
project_example,AI_USE,NOUN,concern,2
project_example,AI_USE,NOUN,designer,2
project_example,AI_USE,NOUN,development,2
project_example,AI_USE,NOUN,generation,2
project_example,AI_USE,NOUN,output,2
project_example,AI_USE,NOUN,stuff,2
project_example,AI_USE,NOUN,thanks,2
project_example,AI_USE,NOUN,thinking,2
project_example,AI_USE,NOUN,effort,1
project_example,AI_USE,NOUN,form,1
project_example,AI_USE,NOUN,knowledge,1
project_example,AI_USE,NOUN,month,1
project_example,AI_USE,NOUN,system,1
project_example,AI_USE,VERB,use,188
project_example,AI_USE,VERB,do,144
project_example,AI_USE,VERB,ask,79
project_example,AI_USE,VERB,help,72
project_example,AI_USE,VERB,want,64
project_example,AI_USE,VERB,feel,60
project_example,AI_USE,VERB,take,45
project_example,AI_USE,VERB,generate,33
project_example,AI_USE,VERB,see,27
project_example,AI_USE,VERB,say,25
project_example,AI_USE,VERB,end,21
project_example,AI_USE,VERB,provide,19
project_example,AI_USE,VERB,point,18
project_example,AI_USE,VERB,know,17
project_example,AI_USE,VERB,prompt,17
project_example,AI_USE,VERB,describe,16
project_example,AI_USE,VERB,run,14
project_example,AI_USE,VERB,sound,14
project_example,AI_USE,VERB,understand,11
project_example,AI_USE,VERB,place,10
project_example,AI_USE,VERB,struggle,10
project_example,AI_USE,VERB,fit,9
project_example,AI_USE,VERB,happen,9
project_example,AI_USE,VERB,play,9
project_example,AI_USE,VERB,save,9
project_example,AI_USE,VERB,begin,8
project_example,AI_USE,VERB,cover,8
project_example,AI_USE,VERB,exist,8
project_example,AI_USE,VERB,become,7
project_example,AI_USE,VERB,mean,7
project_example,AI_USE,VERB,realize,7
project_example,AI_USE,VERB,seem,7
project_example,AI_USE,VERB,capture,6
project_example,AI_USE,VERB,ensure,6
project_example,AI_USE,VERB,fall,6
project_example,AI_USE,VERB,fill,6
project_example,AI_USE,VERB,hit,6
project_example,AI_USE,VERB,serve,6
project_example,AI_USE,VERB,avoid,5
project_example,AI_USE,VERB,call,5
project_example,AI_USE,VERB,notice,5
project_example,AI_USE,VERB,spend,5
project_example,AI_USE,VERB,tend,5
project_example,AI_USE,VERB,apply,4
project_example,AI_USE,VERB,check,4
project_example,AI_USE,VERB,compare,4
project_example,AI_USE,VERB,focus,4
project_example,AI_USE,VERB,hope,4
project_example,AI_USE,VERB,leave,4
project_example,AI_USE,VERB,rely,4
project_example,AI_USE,VERB,require,4
project_example,AI_USE,VERB,continue,3
project_example,AI_USE,VERB,evolve,3
project_example,AI_USE,VERB,face,3
project_example,AI_USE,VERB,paste,3
project_example,AI_USE,VERB,prefer,3
project_example,AI_USE,VERB,accept,2
project_example,AI_USE,VERB,act,2
project_example,AI_USE,VERB,adapt,2
project_example,AI_USE,VERB,attempt,2
project_example,AI_USE,VERB,depend,2
project_example,AI_USE,VERB,force,2
project_example,AI_USE,VERB,handle,2
project_example,AI_USE,VERB,hire,2
project_example,AI_USE,VERB,maintain,2
project_example,AI_USE,VERB,reach,2
project_example,AI_USE,VERB,record,2
project_example,AI_USE,VERB,remember,2
project_example,AI_USE,VERB,speak,2
project_example,AI_USE,VERB,vary,2
project_example,AI_USE,VERB,worry,2
project_example,AI_USE,VERB,affect,1
project_example,AI_USE,VERB,buy,1
project_example,AI_USE,VERB,expect,1
project_example,AI_USE,VERB,grow,1
project_example,AI_USE,VERB,guess,1
project_example,AI_USE,VERB,hear,1
project_example,AI_USE,VERB,replace,1
project_example,AI_USE,VERB,seek,1
project_example,AI_USE,VERB,stand,1
project_example,AUTHORSHIP,NOUN,work,76
project_example,AUTHORSHIP,NOUN,image,72
project_example,AUTHORSHIP,NOUN,project,54
project_example,AUTHORSHIP,NOUN,thing,38
project_example,AUTHORSHIP,NOUN,person,26
project_example,AUTHORSHIP,NOUN,scene,24
project_example,AUTHORSHIP,NOUN,design,23
project_example,AUTHORSHIP,NOUN,story,22
project_example,AUTHORSHIP,NOUN,conversation,20
project_example,AUTHORSHIP,NOUN,kind,19
project_example,AUTHORSHIP,NOUN,set,17
project_example,AUTHORSHIP,NOUN,video,17
project_example,AUTHORSHIP,NOUN,list,16
project_example,AUTHORSHIP,NOUN,part,15
project_example,AUTHORSHIP,NOUN,word,15
project_example,AUTHORSHIP,NOUN,writing,15
project_example,AUTHORSHIP,NOUN,product,14
project_example,AUTHORSHIP,NOUN,element,13
project_example,AUTHORSHIP,NOUN,text,13
project_example,AUTHORSHIP,NOUN,world,13
project_example,AUTHORSHIP,NOUN,art,12
project_example,AUTHORSHIP,NOUN,novel,12
project_example,AUTHORSHIP,NOUN,content,11
project_example,AUTHORSHIP,NOUN,couple,11
project_example,AUTHORSHIP,NOUN,hand,11
project_example,AUTHORSHIP,NOUN,picture,11
project_example,AUTHORSHIP,NOUN,script,11
project_example,AUTHORSHIP,NOUN,copy,10
project_example,AUTHORSHIP,NOUN,draft,10
project_example,AUTHORSHIP,NOUN,game,10
project_example,AUTHORSHIP,NOUN,line,10
project_example,AUTHORSHIP,NOUN,note,10
project_example,AUTHORSHIP,NOUN,page,9
project_example,AUTHORSHIP,NOUN,photo,9
project_example,AUTHORSHIP,NOUN,post,9
project_example,AUTHORSHIP,NOUN,book,8
project_example,AUTHORSHIP,NOUN,cover,8
project_example,AUTHORSHIP,NOUN,music,8
project_example,AUTHORSHIP,NOUN,series,8
project_example,AUTHORSHIP,NOUN,song,8
project_example,AUTHORSHIP,NOUN,ability,7
project_example,AUTHORSHIP,NOUN,article,7
project_example,AUTHORSHIP,NOUN,description,7
project_example,AUTHORSHIP,NOUN,film,7
project_example,AUTHORSHIP,NOUN,human,7
project_example,AUTHORSHIP,NOUN,graphic,6
project_example,AUTHORSHIP,NOUN,number,6
project_example,AUTHORSHIP,NOUN,reference,6
project_example,AUTHORSHIP,NOUN,stage,6
project_example,AUTHORSHIP,NOUN,type,6
project_example,AUTHORSHIP,NOUN,website,6
project_example,AUTHORSHIP,NOUN,asset,5
project_example,AUTHORSHIP,NOUN,effect,5
project_example,AUTHORSHIP,NOUN,order,5
project_example,AUTHORSHIP,NOUN,piece,5
project_example,AUTHORSHIP,NOUN,email,4
project_example,AUTHORSHIP,NOUN,event,4
project_example,AUTHORSHIP,NOUN,material,3
project_example,AUTHORSHIP,NOUN,quality,3
project_example,AUTHORSHIP,NOUN,side,3
project_example,AUTHORSHIP,NOUN,skill,3
project_example,AUTHORSHIP,NOUN,space,3
project_example,AUTHORSHIP,NOUN,problem,2
project_example,AUTHORSHIP,NOUN,fiction,1
project_example,AUTHORSHIP,NOUN,field,1
project_example,AUTHORSHIP,VERB,be,655
project_example,AUTHORSHIP,VERB,work,76
project_example,AUTHORSHIP,VERB,create,56
project_example,AUTHORSHIP,VERB,write,51
project_example,AUTHORSHIP,VERB,go,48
project_example,AUTHORSHIP,VERB,need,48
project_example,AUTHORSHIP,VERB,design,23
project_example,AUTHORSHIP,VERB,change,21
project_example,AUTHORSHIP,VERB,edit,16
project_example,AUTHORSHIP,VERB,add,15
project_example,AUTHORSHIP,VERB,show,15
project_example,AUTHORSHIP,VERB,suggest,14
project_example,AUTHORSHIP,VERB,draw,13
project_example,AUTHORSHIP,VERB,put,13
project_example,AUTHORSHIP,VERB,finish,11
project_example,AUTHORSHIP,VERB,mention,11
project_example,AUTHORSHIP,VERB,move,11
project_example,AUTHORSHIP,VERB,draft,10
project_example,AUTHORSHIP,VERB,include,10
project_example,AUTHORSHIP,VERB,read,8
project_example,AUTHORSHIP,VERB,remove,8
project_example,AUTHORSHIP,VERB,flow,7
project_example,AUTHORSHIP,VERB,pay,7
project_example,AUTHORSHIP,VERB,plan,7
project_example,AUTHORSHIP,VERB,produce,7
project_example,AUTHORSHIP,VERB,answer,6
project_example,AUTHORSHIP,VERB,improve,6
project_example,AUTHORSHIP,VERB,send,6
project_example,AUTHORSHIP,VERB,assist,5
project_example,AUTHORSHIP,VERB,feed,5
project_example,AUTHORSHIP,VERB,identify,5
project_example,AUTHORSHIP,VERB,involve,5
project_example,AUTHORSHIP,VERB,love,5
project_example,AUTHORSHIP,VERB,bring,4
project_example,AUTHORSHIP,VERB,build,4
project_example,AUTHORSHIP,VERB,integrate,4
project_example,AUTHORSHIP,VERB,mix,4
project_example,AUTHORSHIP,VERB,organize,4
project_example,AUTHORSHIP,VERB,paint,4
project_example,AUTHORSHIP,VERB,sell,4
project_example,AUTHORSHIP,VERB,enjoy,3
project_example,AUTHORSHIP,VERB,receive,3
project_example,AUTHORSHIP,VERB,train,3
project_example,AUTHORSHIP,VERB,upload,3
project_example,AUTHORSHIP,VERB,break,2
project_example,AUTHORSHIP,VERB,combine,2
project_example,AUTHORSHIP,VERB,consume,2
project_example,AUTHORSHIP,VERB,craft,2
project_example,AUTHORSHIP,VERB,cut,2
project_example,AUTHORSHIP,VERB,incorporate,2
project_example,AUTHORSHIP,VERB,lose,2
project_example,AUTHORSHIP,VERB,miss,2
project_example,AUTHORSHIP,VERB,clean,1
project_example,AUTHORSHIP,VERB,deliver,1
project_example,CONTROL,NOUN,question,9
project_example,CONTROL,NOUN,chat,8
project_example,CONTROL,NOUN,direction,7
project_example,CONTROL,NOUN,experience,7
project_example,CONTROL,NOUN,flow,7
project_example,CONTROL,NOUN,media,6
project_example,CONTROL,NOUN,decision,3
project_example,CONTROL,NOUN,control,2
project_example,CONTROL,VERB,make,79
project_example,CONTROL,VERB,set,17
project_example,CONTROL,VERB,allow,11
project_example,CONTROL,VERB,let,8
project_example,CONTROL,VERB,decide,7
project_example,CONTROL,VERB,lead,6
project_example,CONTROL,VERB,guide,5
project_example,CONTROL,VERB,pick,5
project_example,CONTROL,VERB,choose,4
project_example,CONTROL,VERB,determine,3
project_example,CONTROL,VERB,drive,2
project_example,CONTROL,VERB,manage,2
project_example,IDEATION,NOUN,use,188
project_example,IDEATION,NOUN,idea,97
project_example,IDEATION,NOUN,style,17
project_example,IDEATION,NOUN,sound,14
project_example,IDEATION,NOUN,theme,13
project_example,IDEATION,NOUN,etc.,12
project_example,IDEATION,NOUN,outline,12
project_example,IDEATION,NOUN,term,12
project_example,IDEATION,NOUN,concept,11
project_example,IDEATION,NOUN,inspiration,11
project_example,IDEATION,NOUN,area,10
project_example,IDEATION,NOUN,option,9
project_example,IDEATION,NOUN,feature,7
project_example,IDEATION,NOUN,reader,7
project_example,IDEATION,NOUN,tone,7
project_example,IDEATION,NOUN,blog,6
project_example,IDEATION,NOUN,creativity,6
project_example,IDEATION,NOUN,sort,5
project_example,IDEATION,NOUN,editing,4
project_example,IDEATION,NOUN,course,3
project_example,IDEATION,NOUN,fact,3
project_example,IDEATION,NOUN,situation,3
project_example,IDEATION,NOUN,board,2
project_example,IDEATION,NOUN,planning,2
project_example,IDEATION,NOUN,marketing,1
project_example,IDEATION,VERB,have,264
project_example,IDEATION,VERB,like,89
project_example,IDEATION,VERB,get,59
project_example,IDEATION,VERB,give,57
project_example,IDEATION,VERB,come,48
project_example,IDEATION,VERB,look,41
project_example,IDEATION,VERB,think,40
project_example,IDEATION,VERB,find,38
project_example,IDEATION,VERB,start,25
project_example,IDEATION,VERB,try,22
project_example,IDEATION,VERB,research,20
project_example,IDEATION,VERB,tell,20
project_example,IDEATION,VERB,base,16
project_example,IDEATION,VERB,spark,13
project_example,IDEATION,VERB,outline,12
project_example,IDEATION,VERB,brainstorm,11
project_example,IDEATION,VERB,keep,11
project_example,IDEATION,VERB,learn,11
project_example,IDEATION,VERB,copy,10
project_example,IDEATION,VERB,discuss,9
project_example,IDEATION,VERB,explain,9
project_example,IDEATION,VERB,turn,9
project_example,IDEATION,VERB,figure,8
project_example,IDEATION,VERB,follow,7
project_example,IDEATION,VERB,refine,7
project_example,IDEATION,VERB,complete,5
project_example,IDEATION,VERB,consider,5
project_example,IDEATION,VERB,prepare,5
project_example,IDEATION,VERB,search,5
project_example,IDEATION,VERB,talk,5
project_example,IDEATION,VERB,bounce,4
project_example,IDEATION,VERB,connect,4
project_example,IDEATION,VERB,iterate,4
project_example,IDEATION,VERB,pull,4
project_example,IDEATION,VERB,stay,4
project_example,IDEATION,VERB,wait,4
project_example,IDEATION,VERB,develop,3
project_example,IDEATION,VERB,offer,3
project_example,IDEATION,VERB,shift,3
project_example,IDEATION,VERB,engage,2
project_example,IDEATION,VERB,explore,2
project_example,IDEATION,VERB,present,2
project_example,IDEATION,VERB,share,2
project_example,IDEATION,VERB,utilize,2
project_example,IDEATION,VERB,expand,1
project_example,IDEATION,VERB,hone,1
project_example,IDEATION,VERB,imagine,1
walkthrough,AI_USE,NOUN,ai,357
walkthrough,AI_USE,NOUN,help,124
walkthrough,AI_USE,NOUN,time,57
walkthrough,AI_USE,NOUN,example,54
walkthrough,AI_USE,NOUN,process,53
walkthrough,AI_USE,NOUN,tool,52
walkthrough,AI_USE,NOUN,need,48
walkthrough,AI_USE,NOUN,research,48
walkthrough,AI_USE,NOUN,character,41
walkthrough,AI_USE,NOUN,creative,40
walkthrough,AI_USE,NOUN,model,39
walkthrough,AI_USE,NOUN,lot,31
walkthrough,AI_USE,NOUN,name,26
walkthrough,AI_USE,NOUN,one,26
walkthrough,AI_USE,NOUN,way,26
walkthrough,AI_USE,NOUN,brainstorming,25
walkthrough,AI_USE,NOUN,task,22
walkthrough,AI_USE,NOUN,information,21
walkthrough,AI_USE,NOUN,client,20
walkthrough,AI_USE,NOUN,edit,20
walkthrough,AI_USE,NOUN,point,20
walkthrough,AI_USE,NOUN,topic,18
walkthrough,AI_USE,NOUN,background,15
walkthrough,AI_USE,NOUN,color,15
walkthrough,AI_USE,NOUN,detail,14
walkthrough,AI_USE,NOUN,feedback,14
walkthrough,AI_USE,NOUN,business,13
walkthrough,AI_USE,NOUN,change,13
walkthrough,AI_USE,NOUN,end,13
walkthrough,AI_USE,NOUN,search,13
walkthrough,AI_USE,NOUN,artist,12
walkthrough,AI_USE,NOUN,bit,12
walkthrough,AI_USE,NOUN,chatgpt,12
walkthrough,AI_USE,NOUN,prompt,12
walkthrough,AI_USE,NOUN,voice,12
walkthrough,AI_USE,NOUN,plot,11
walkthrough,AI_USE,NOUN,writer,10
walkthrough,AI_USE,NOUN,generation,9
walkthrough,AI_USE,NOUN,level,9
walkthrough,AI_USE,NOUN,llm,9
walkthrough,AI_USE,NOUN,track,9
walkthrough,AI_USE,NOUN,week,9
walkthrough,AI_USE,NOUN,year,9
walkthrough,AI_USE,NOUN,aspect,8
walkthrough,AI_USE,NOUN,response,8
walkthrough,AI_USE,NOUN,show,8
walkthrough,AI_USE,NOUN,stuff,8
walkthrough,AI_USE,NOUN,admin,7
walkthrough,AI_USE,NOUN,issue,7
walkthrough,AI_USE,NOUN,mind,7
walkthrough,AI_USE,NOUN,past,7
walkthrough,AI_USE,NOUN,sense,7
walkthrough,AI_USE,NOUN,source,7
walkthrough,AI_USE,NOUN,step,7
walkthrough,AI_USE,NOUN,suggestion,7
walkthrough,AI_USE,NOUN,thought,7
walkthrough,AI_USE,NOUN,answer,6
walkthrough,AI_USE,NOUN,audio,6
walkthrough,AI_USE,NOUN,case,6
walkthrough,AI_USE,NOUN,creation,6
walkthrough,AI_USE,NOUN,day,6
walkthrough,AI_USE,NOUN,google,6
walkthrough,AI_USE,NOUN,job,6
walkthrough,AI_USE,NOUN,software,6
walkthrough,AI_USE,NOUN,system,6
walkthrough,AI_USE,NOUN,thinking,6
walkthrough,AI_USE,NOUN,amount,5
walkthrough,AI_USE,NOUN,company,5
walkthrough,AI_USE,NOUN,place,5
walkthrough,AI_USE,NOUN,subject,5
walkthrough,AI_USE,NOUN,datum,4
walkthrough,AI_USE,NOUN,eye,4
walkthrough,AI_USE,NOUN,form,4
walkthrough,AI_USE,NOUN,gap,4
walkthrough,AI_USE,NOUN,knowledge,4
walkthrough,AI_USE,NOUN,month,4
walkthrough,AI_USE,NOUN,perspective,4
walkthrough,AI_USE,NOUN,assistant,3
walkthrough,AI_USE,NOUN,author,3
walkthrough,AI_USE,NOUN,designer,3
walkthrough,AI_USE,NOUN,effort,3
walkthrough,AI_USE,NOUN,hour,3
walkthrough,AI_USE,NOUN,life,3
walkthrough,AI_USE,NOUN,market,3
walkthrough,AI_USE,NOUN,purpose,3
walkthrough,AI_USE,NOUN,service,3
walkthrough,AI_USE,NOUN,version,3
walkthrough,AI_USE,NOUN,money,2
walkthrough,AI_USE,NOUN,output,2
walkthrough,AI_USE,NOUN,production,2
walkthrough,AI_USE,NOUN,result,2
walkthrough,AI_USE,NOUN,role,2
walkthrough,AI_USE,NOUN,collaboration,1
walkthrough,AI_USE,NOUN,concern,1
walkthrough,AI_USE,NOUN,development,1
walkthrough,AI_USE,NOUN,moment,1
walkthrough,AI_USE,VERB,use,301
walkthrough,AI_USE,VERB,do,155
walkthrough,AI_USE,VERB,help,124
walkthrough,AI_USE,VERB,ask,84
walkthrough,AI_USE,VERB,generate,48
walkthrough,AI_USE,VERB,want,47
walkthrough,AI_USE,VERB,feel,28
walkthrough,AI_USE,VERB,know,27
walkthrough,AI_USE,VERB,take,26
walkthrough,AI_USE,VERB,check,24
walkthrough,AI_USE,VERB,say,21
walkthrough,AI_USE,VERB,point,20
walkthrough,AI_USE,VERB,provide,20
walkthrough,AI_USE,VERB,reach,20
walkthrough,AI_USE,VERB,see,19
walkthrough,AI_USE,VERB,tend,17
walkthrough,AI_USE,VERB,understand,15
walkthrough,AI_USE,VERB,end,13
walkthrough,AI_USE,VERB,prompt,12
walkthrough,AI_USE,VERB,sound,12
walkthrough,AI_USE,VERB,fit,11
walkthrough,AI_USE,VERB,struggle,11
walkthrough,AI_USE,VERB,require,10
walkthrough,AI_USE,VERB,run,10
walkthrough,AI_USE,VERB,cover,9
walkthrough,AI_USE,VERB,continue,8
walkthrough,AI_USE,VERB,save,8
walkthrough,AI_USE,VERB,fill,7
walkthrough,AI_USE,VERB,spend,7
walkthrough,AI_USE,VERB,become,6
walkthrough,AI_USE,VERB,happen,6
walkthrough,AI_USE,VERB,rely,6
walkthrough,AI_USE,VERB,call,5
walkthrough,AI_USE,VERB,depend,5
walkthrough,AI_USE,VERB,place,5
walkthrough,AI_USE,VERB,prefer,5
walkthrough,AI_USE,VERB,seem,5
walkthrough,AI_USE,VERB,begin,4
walkthrough,AI_USE,VERB,capture,4
walkthrough,AI_USE,VERB,focus,4
walkthrough,AI_USE,VERB,grow,4
walkthrough,AI_USE,VERB,act,3
walkthrough,AI_USE,VERB,attempt,3
walkthrough,AI_USE,VERB,compare,3
walkthrough,AI_USE,VERB,describe,3
walkthrough,AI_USE,VERB,exist,3
walkthrough,AI_USE,VERB,face,3
walkthrough,AI_USE,VERB,hear,3
walkthrough,AI_USE,VERB,hit,3
walkthrough,AI_USE,VERB,paste,3
walkthrough,AI_USE,VERB,play,3
walkthrough,AI_USE,VERB,record,3
walkthrough,AI_USE,VERB,speak,3
walkthrough,AI_USE,VERB,apply,2
walkthrough,AI_USE,VERB,automate,2
walkthrough,AI_USE,VERB,avoid,2
walkthrough,AI_USE,VERB,buy,2
walkthrough,AI_USE,VERB,ensure,2
walkthrough,AI_USE,VERB,expect,2
walkthrough,AI_USE,VERB,fall,2
walkthrough,AI_USE,VERB,guess,2
walkthrough,AI_USE,VERB,handle,2
walkthrough,AI_USE,VERB,leave,2
walkthrough,AI_USE,VERB,maintain,2
walkthrough,AI_USE,VERB,adapt,1
walkthrough,AI_USE,VERB,believe,1
walkthrough,AI_USE,VERB,mean,1
walkthrough,AI_USE,VERB,notice,1
walkthrough,AI_USE,VERB,realize,1
walkthrough,AI_USE,VERB,remember,1
walkthrough,AI_USE,VERB,serve,1
walkthrough,AUTHORSHIP,NOUN,work,59
walkthrough,AUTHORSHIP,NOUN,writing,49
walkthrough,AUTHORSHIP,NOUN,image,48
walkthrough,AUTHORSHIP,NOUN,thing,46
walkthrough,AUTHORSHIP,NOUN,book,35
walkthrough,AUTHORSHIP,NOUN,design,34
walkthrough,AUTHORSHIP,NOUN,video,31
walkthrough,AUTHORSHIP,NOUN,project,29
walkthrough,AUTHORSHIP,NOUN,content,26
walkthrough,AUTHORSHIP,NOUN,story,26
walkthrough,AUTHORSHIP,NOUN,draft,24
walkthrough,AUTHORSHIP,NOUN,word,21
walkthrough,AUTHORSHIP,NOUN,art,20
walkthrough,AUTHORSHIP,NOUN,piece,19
walkthrough,AUTHORSHIP,NOUN,part,17
walkthrough,AUTHORSHIP,NOUN,person,17
walkthrough,AUTHORSHIP,NOUN,scene,16
walkthrough,AUTHORSHIP,NOUN,stage,16
walkthrough,AUTHORSHIP,NOUN,novel,15
walkthrough,AUTHORSHIP,NOUN,copy,14
walkthrough,AUTHORSHIP,NOUN,element,14
walkthrough,AUTHORSHIP,NOUN,list,14
walkthrough,AUTHORSHIP,NOUN,article,13
walkthrough,AUTHORSHIP,NOUN,description,13
walkthrough,AUTHORSHIP,NOUN,event,13
walkthrough,AUTHORSHIP,NOUN,page,13
walkthrough,AUTHORSHIP,NOUN,conversation,12
walkthrough,AUTHORSHIP,NOUN,email,12
walkthrough,AUTHORSHIP,NOUN,script,12
walkthrough,AUTHORSHIP,NOUN,set,12
walkthrough,AUTHORSHIP,NOUN,world,12
walkthrough,AUTHORSHIP,NOUN,material,11
walkthrough,AUTHORSHIP,NOUN,graphic,10
walkthrough,AUTHORSHIP,NOUN,asset,9
walkthrough,AUTHORSHIP,NOUN,cover,9
walkthrough,AUTHORSHIP,NOUN,music,9
walkthrough,AUTHORSHIP,NOUN,text,9
walkthrough,AUTHORSHIP,NOUN,line,7
walkthrough,AUTHORSHIP,NOUN,order,7
walkthrough,AUTHORSHIP,NOUN,post,7
walkthrough,AUTHORSHIP,NOUN,product,7
walkthrough,AUTHORSHIP,NOUN,series,7
walkthrough,AUTHORSHIP,NOUN,song,7
walkthrough,AUTHORSHIP,NOUN,couple,6
walkthrough,AUTHORSHIP,NOUN,film,6
walkthrough,AUTHORSHIP,NOUN,game,6
walkthrough,AUTHORSHIP,NOUN,note,6
walkthrough,AUTHORSHIP,NOUN,reference,6
walkthrough,AUTHORSHIP,NOUN,type,6
walkthrough,AUTHORSHIP,NOUN,hand,5
walkthrough,AUTHORSHIP,NOUN,photo,5
walkthrough,AUTHORSHIP,NOUN,skill,5
walkthrough,AUTHORSHIP,NOUN,website,5
walkthrough,AUTHORSHIP,NOUN,effect,4
walkthrough,AUTHORSHIP,NOUN,kind,4
walkthrough,AUTHORSHIP,NOUN,number,4
walkthrough,AUTHORSHIP,NOUN,quality,4
walkthrough,AUTHORSHIP,NOUN,side,4
walkthrough,AUTHORSHIP,NOUN,space,4
walkthrough,AUTHORSHIP,NOUN,fiction,3
walkthrough,AUTHORSHIP,NOUN,human,3
walkthrough,AUTHORSHIP,NOUN,ability,2
walkthrough,AUTHORSHIP,NOUN,picture,2
walkthrough,AUTHORSHIP,NOUN,problem,2
walkthrough,AUTHORSHIP,NOUN,field,1
walkthrough,AUTHORSHIP,NOUN,web,1
walkthrough,AUTHORSHIP,VERB,be,542
walkthrough,AUTHORSHIP,VERB,work,59
walkthrough,AUTHORSHIP,VERB,write,56
walkthrough,AUTHORSHIP,VERB,create,54
walkthrough,AUTHORSHIP,VERB,need,48
walkthrough,AUTHORSHIP,VERB,design,34
walkthrough,AUTHORSHIP,VERB,go,33
walkthrough,AUTHORSHIP,VERB,draft,24
walkthrough,AUTHORSHIP,VERB,edit,20
walkthrough,AUTHORSHIP,VERB,include,17
walkthrough,AUTHORSHIP,VERB,read,15
walkthrough,AUTHORSHIP,VERB,change,13
walkthrough,AUTHORSHIP,VERB,put,13
walkthrough,AUTHORSHIP,VERB,flow,12
walkthrough,AUTHORSHIP,VERB,add,11
walkthrough,AUTHORSHIP,VERB,build,9
walkthrough,AUTHORSHIP,VERB,improve,9
walkthrough,AUTHORSHIP,VERB,plan,9
walkthrough,AUTHORSHIP,VERB,cut,8
walkthrough,AUTHORSHIP,VERB,draw,8
walkthrough,AUTHORSHIP,VERB,show,8
walkthrough,AUTHORSHIP,VERB,send,7
walkthrough,AUTHORSHIP,VERB,answer,6
walkthrough,AUTHORSHIP,VERB,clean,6
walkthrough,AUTHORSHIP,VERB,involve,6
walkthrough,AUTHORSHIP,VERB,produce,6
walkthrough,AUTHORSHIP,VERB,love,5
walkthrough,AUTHORSHIP,VERB,mention,5
walkthrough,AUTHORSHIP,VERB,miss,5
walkthrough,AUTHORSHIP,VERB,remove,5
walkthrough,AUTHORSHIP,VERB,break,4
walkthrough,AUTHORSHIP,VERB,bring,4
walkthrough,AUTHORSHIP,VERB,consume,4
walkthrough,AUTHORSHIP,VERB,enjoy,4
walkthrough,AUTHORSHIP,VERB,feed,4
walkthrough,AUTHORSHIP,VERB,finish,4
walkthrough,AUTHORSHIP,VERB,lose,4
walkthrough,AUTHORSHIP,VERB,mix,4
walkthrough,AUTHORSHIP,VERB,move,4
walkthrough,AUTHORSHIP,VERB,receive,4
walkthrough,AUTHORSHIP,VERB,upload,4
walkthrough,AUTHORSHIP,VERB,assist,3
walkthrough,AUTHORSHIP,VERB,combine,3
walkthrough,AUTHORSHIP,VERB,craft,3
walkthrough,AUTHORSHIP,VERB,deliver,3
walkthrough,AUTHORSHIP,VERB,identify,3
walkthrough,AUTHORSHIP,VERB,incorporate,3
walkthrough,AUTHORSHIP,VERB,lean,3
walkthrough,AUTHORSHIP,VERB,paint,3
walkthrough,AUTHORSHIP,VERB,sell,3
walkthrough,AUTHORSHIP,VERB,suggest,3
walkthrough,AUTHORSHIP,VERB,integrate,2
walkthrough,AUTHORSHIP,VERB,pay,2
walkthrough,AUTHORSHIP,VERB,train,2
walkthrough,AUTHORSHIP,VERB,organize,1
walkthrough,CONTROL,NOUN,question,16
walkthrough,CONTROL,NOUN,flow,12
walkthrough,CONTROL,NOUN,media,11
walkthrough,CONTROL,NOUN,chat,8
walkthrough,CONTROL,NOUN,direction,5
walkthrough,CONTROL,NOUN,experience,4
walkthrough,CONTROL,NOUN,control,1
walkthrough,CONTROL,VERB,make,49
walkthrough,CONTROL,VERB,set,12
walkthrough,CONTROL,VERB,let,6
walkthrough,CONTROL,VERB,allow,5
walkthrough,CONTROL,VERB,decide,5
walkthrough,CONTROL,VERB,determine,5
walkthrough,CONTROL,VERB,guide,5
walkthrough,CONTROL,VERB,lead,4
walkthrough,CONTROL,VERB,direct,3
walkthrough,CONTROL,VERB,pick,2
walkthrough,CONTROL,VERB,choose,1
walkthrough,CONTROL,VERB,manage,1
walkthrough,IDEATION,NOUN,use,301
walkthrough,IDEATION,NOUN,idea,113
walkthrough,IDEATION,NOUN,editing,19
walkthrough,IDEATION,NOUN,concept,18
walkthrough,IDEATION,NOUN,inspiration,15
walkthrough,IDEATION,NOUN,outline,15
walkthrough,IDEATION,NOUN,style,15
walkthrough,IDEATION,NOUN,etc.,14
walkthrough,IDEATION,NOUN,area,12
walkthrough,IDEATION,NOUN,sound,12
walkthrough,IDEATION,NOUN,theme,12
walkthrough,IDEATION,NOUN,feature,8
walkthrough,IDEATION,NOUN,sort,8
walkthrough,IDEATION,NOUN,tone,8
walkthrough,IDEATION,NOUN,fact,7
walkthrough,IDEATION,NOUN,board,6
walkthrough,IDEATION,NOUN,creativity,6
walkthrough,IDEATION,NOUN,planning,6
walkthrough,IDEATION,NOUN,term,6
walkthrough,IDEATION,NOUN,marketing,4
walkthrough,IDEATION,NOUN,reader,3
walkthrough,IDEATION,NOUN,blog,2
walkthrough,IDEATION,NOUN,option,2
walkthrough,IDEATION,NOUN,situation,2
walkthrough,IDEATION,VERB,have,250
walkthrough,IDEATION,VERB,like,89
walkthrough,IDEATION,VERB,find,61
walkthrough,IDEATION,VERB,come,59
walkthrough,IDEATION,VERB,get,57
walkthrough,IDEATION,VERB,give,50
walkthrough,IDEATION,VERB,research,48
walkthrough,IDEATION,VERB,look,41
walkthrough,IDEATION,VERB,try,29
walkthrough,IDEATION,VERB,brainstorm,25
walkthrough,IDEATION,VERB,think,21
walkthrough,IDEATION,VERB,start,18
walkthrough,IDEATION,VERB,tell,17
walkthrough,IDEATION,VERB,outline,15
walkthrough,IDEATION,VERB,copy,14
walkthrough,IDEATION,VERB,keep,14
walkthrough,IDEATION,VERB,base,13
walkthrough,IDEATION,VERB,search,13
walkthrough,IDEATION,VERB,develop,8
walkthrough,IDEATION,VERB,expand,8
walkthrough,IDEATION,VERB,present,8
walkthrough,IDEATION,VERB,discuss,7
walkthrough,IDEATION,VERB,learn,7
walkthrough,IDEATION,VERB,turn,7
walkthrough,IDEATION,VERB,talk,6
walkthrough,IDEATION,VERB,bounce,5
walkthrough,IDEATION,VERB,complete,5
walkthrough,IDEATION,VERB,follow,5
walkthrough,IDEATION,VERB,spark,5
walkthrough,IDEATION,VERB,iterate,4
walkthrough,IDEATION,VERB,connect,3
walkthrough,IDEATION,VERB,figure,3
walkthrough,IDEATION,VERB,imagine,3
walkthrough,IDEATION,VERB,prepare,3
walkthrough,IDEATION,VERB,pull,3
walkthrough,IDEATION,VERB,refine,3
walkthrough,IDEATION,VERB,shift,3
walkthrough,IDEATION,VERB,utilize,3
walkthrough,IDEATION,VERB,consider,2
walkthrough,IDEATION,VERB,engage,2
walkthrough,IDEATION,VERB,explore,2
walkthrough,IDEATION,VERB,share,2
walkthrough,IDEATION,VERB,stay,2
walkthrough,IDEATION,VERB,explain,1
walkthrough,IDEATION,VERB,hone,1
walkthrough,IDEATION,VERB,offer,1
walkthrough,IDEATION,VERB,wait,1
