transcript_id,role,section,section_raw,n_sents,n_words,n_verbs,n_aux,n_verbs_total,n_nouns,n_propn,n_nouns_total
creativity_0000,user,intro,intro,3,16,3,1,4,1,0,1
creativity_0000,user,basic_job_description,basic job description,4,59,6,3,9,17,0,17
creativity_0000,user,walkthrough,walkthrough,4,82,9,4,13,23,3,26
creativity_0000,user,project_example,project example,3,57,8,7,15,9,3,12
creativity_0000,user,dynamic,dynamic,2,32,5,4,9,4,0,4
creativity_0000,user,changed_aspects,changed aspects,3,53,7,5,12,9,0,9
creativity_0000,user,concerns,concerns,3,56,6,5,11,16,2,18
creativity_0000,user,future,future,3,33,5,4,9,3,0,3
creativity_0000,user,extra_comments,extra comments,2,10,2,1,3,0,0,0
creativity_0001,user,intro,intro,1,5,2,0,2,0,0,0
creativity_0001,user,basic_job_description,basic job description,5,94,11,6,17,21,0,21
creativity_0001,user,walkthrough,walkthrough,9,163,17,6,23,38,2,40
creativity_0001,user,project_example,project example,6,104,10,3,13,18,2,20
creativity_0001,user,dynamic,dynamic,5,98,11,4,15,12,1,13
creativity_0001,user,changed_aspects,changed aspects,1,18,5,0,5,2,0,2
creativity_0001,user,concerns,concerns,11,208,24,15,39,44,4,48
creativity_0001,user,future,future,9,146,18,13,31,29,3,32
creativity_0001,user,extra_comments,extra comments,2,20,2,2,4,2,0,2
creativity_0002,user,intro,intro,2,9,2,1,3,1,0,1
creativity_0002,user,basic_job_description,basic job description,3,82,12,6,18,23,0,23
creativity_0002,user,walkthrough,walkthrough,4,87,19,1,20,18,1,19
creativity_0002,user,project_example,project example,4,88,15,4,19,14,2,16
creativity_0002,user,dynamic,dynamic,3,111,21,3,24,17,1,18
creativity_0002,user,changed_aspects,changed aspects,2,37,3,3,6,7,0,7
creativity_0002,user,concerns,concerns,2,52,8,6,14,9,1,10
creativity_0002,user,future,future,2,50,10,4,14,7,1,8
creativity_0002,user,extra_comments,extra comments,1,5,1,0,1,0,0,0
creativity_0003,user,intro,intro,1,5,1,0,1,0,0,0
creativity_0003,user,basic_job_description,basic job description,8,182,14,14,28,42,1,43
creativity_0003,user,walkthrough,walkthrough,2,70,10,1,11,22,1,23
creativity_0003,user,project_example,project example,11,191,25,11,36,40,4,44
creativity_0003,user,dynamic,dynamic,3,72,12,8,20,11,0,11
creativity_0003,user,changed_aspects,changed aspects,4,65,7,4,11,10,1,11
creativity_0003,user,concerns,concerns,7,127,18,8,26,27,1,28
creativity_0003,user,future,future,2,36,7,3,10,2,0,2
creativity_0003,user,extra_comments,extra comments,2,8,0,1,1,1,0,1
creativity_0004,user,intro,intro,1,6,2,1,3,0,0,0
creativity_0004,user,basic_job_description,basic job description,2,43,4,1,5,18,0,18
creativity_0004,user,walkthrough,walkthrough,3,82,5,5,10,20,0,20
creativity_0004,user,project_example,project example,3,122,14,7,21,29,0,29
creativity_0004,user,dynamic,dynamic,3,105,11,12,23,14,1,15
creativity_0004,user,changed_aspects,changed aspects,2,48,7,3,10,8,1,9
creativity_0004,user,concerns,concerns,6,204,32,21,53,35,0,35
creativity_0004,user,future,future,7,207,28,16,44,43,3,46
creativity_0004,user,extra_comments,extra comments,2,17,4,1,5,0,0,0
creativity_0005,user,intro,intro,1,3,1,0,1,0,0,0
creativity_0005,user,basic_job_description,basic job description,7,168,20,8,28,28,10,38
creativity_0005,user,walkthrough,walkthrough,10,192,25,15,40,28,2,30
creativity_0005,user,project_example,project example,11,221,28,16,44,28,8,36
creativity_0005,user,dynamic,dynamic,3,52,5,4,9,9,0,9
creativity_0005,user,changed_aspects,changed aspects,2,32,3,3,6,6,0,6
creativity_0005,user,concerns,concerns,5,95,12,9,21,14,3,17
creativity_0005,user,future,future,4,81,16,9,25,12,2,14
creativity_0005,user,extra_comments,extra comments,1,7,1,0,1,0,0,0
creativity_0006,user,intro,intro,1,6,2,0,2,1,0,1
creativity_0006,user,basic_job_description,basic job description,4,84,8,1,9,21,0,21
creativity_0006,user,walkthrough,walkthrough,9,309,48,16,64,46,2,48
creativity_0006,user,project_example,project example,14,387,46,16,62,71,4,75
creativity_0006,user,dynamic,dynamic,7,228,33,16,49,39,1,40
creativity_0006,user,changed_aspects,changed aspects,12,272,30,19,49,44,2,46
creativity_0006,user,concerns,concerns,12,292,40,19,59,44,4,48
creativity_0006,user,future,future,2,54,6,6,12,7,0,7
creativity_0006,user,extra_comments,extra comments,1,12,1,0,1,1,0,1
creativity_0007,user,intro,intro,1,3,1,0,1,0,0,0
creativity_0007,user,basic_job_description,basic job description,4,115,10,4,14,28,8,36
creativity_0007,user,walkthrough,walkthrough,5,119,16,5,21,26,4,30
creativity_0007,user,project_example,project example,3,67,7,2,9,16,2,18
creativity_0007,user,dynamic,dynamic,2,48,6,4,10,5,1,6
creativity_0007,user,changed_aspects,changed aspects,3,62,9,2,11,11,2,13
creativity_0007,user,concerns,concerns,16,218,33,15,48,34,2,36
creativity_0007,user,future,future,6,127,17,7,24,23,4,27
creativity_0007,user,extra_comments,extra comments,8,192,18,16,34,42,0,42
creativity_0008,user,intro,intro,1,1,1,0,1,0,0,0
creativity_0008,user,basic_job_description,basic job description,5,84,12,2,14,21,2,23
creativity_0008,user,walkthrough,walkthrough,13,282,35,21,56,53,5,58
creativity_0008,user,project_example,project example,7,116,20,5,25,19,0,19
creativity_0008,user,dynamic,dynamic,3,67,10,5,15,8,0,8
creativity_0008,user,changed_aspects,changed aspects,2,47,5,7,12,5,0,5
creativity_0008,user,concerns,concerns,6,95,10,10,20,13,0,13
creativity_0008,user,future,future,3,33,5,5,10,2,0,2
creativity_0008,user,extra_comments,extra comments,1,6,0,1,1,0,0,0
creativity_0009,user,intro,intro,1,2,1,0,1,0,0,0
creativity_0009,user,basic_job_description,basic job description,3,74,11,5,16,16,0,16
creativity_0009,user,walkthrough,walkthrough,2,63,12,2,14,17,0,17
creativity_0009,user,project_example,project example,5,156,25,13,38,28,0,28
creativity_0009,user,dynamic,dynamic,3,76,9,7,16,11,0,11
creativity_0009,user,changed_aspects,changed aspects,9,161,18,12,30,30,0,30
creativity_0009,user,concerns,concerns,3,107,16,5,21,25,0,25
creativity_0009,user,future,future,4,64,13,1,14,13,0,13
creativity_0009,user,extra_comments,extra comments,3,41,3,5,8,4,1,5
creativity_0010,user,intro,intro,1,8,1,0,1,1,0,1
creativity_0010,user,basic_job_description,basic job description,9,265,30,6,36,61,4,65
creativity_0010,user,walkthrough,walkthrough,6,141,24,7,31,33,2,35
creativity_0010,user,project_example,project example,20,547,72,33,105,93,7,100
creativity_0010,user,dynamic,dynamic,5,95,12,6,18,17,0,17
creativity_0010,user,changed_aspects,changed aspects,5,118,21,8,29,14,0,14
creativity_0010,user,concerns,concerns,5,155,24,9,33,28,2,30
creativity_0010,user,future,future,6,146,29,10,39,21,1,22
creativity_0010,user,extra_comments,extra comments,1,1,0,0,0,0,0,0
creativity_0011,user,intro,intro,1,7,1,1,2,0,0,0
creativity_0011,user,basic_job_description,basic job description,4,117,17,5,22,27,0,27
creativity_0011,user,walkthrough,walkthrough,9,308,34,12,46,58,4,62
creativity_0011,user,project_example,project example,6,204,25,8,33,37,3,40
creativity_0011,user,dynamic,dynamic,4,140,17,11,28,26,0,26
creativity_0011,user,changed_aspects,changed aspects,8,194,25,13,38,37,2,39
creativity_0011,user,concerns,concerns,5,138,27,8,35,19,1,20
creativity_0011,user,future,future,4,176,29,10,39,29,0,29
creativity_0011,user,extra_comments,extra comments,1,5,1,0,1,0,0,0
creativity_0012,user,intro,intro,1,4,1,0,1,0,0,0
creativity_0012,user,basic_job_description,basic job description,3,39,3,4,7,7,0,7
creativity_0012,user,walkthrough,walkthrough,5,109,12,10,22,22,1,23
creativity_0012,user,project_example,project example,8,190,21,17,38,37,0,37
creativity_0012,user,dynamic,dynamic,2,30,4,2,6,4,0,4
creativity_0012,user,changed_aspects,changed aspects,5,75,9,7,16,14,1,15
creativity_0012,user,concerns,concerns,6,110,11,8,19,25,1,26
creativity_0012,user,future,future,7,152,20,15,35,24,0,24
creativity_0012,user,extra_comments,extra comments,1,1,0,0,0,0,0,0
creativity_0013,user,intro,intro,1,7,2,0,2,1,0,1
creativity_0013,user,basic_job_description,basic job description,2,82,9,3,12,24,3,27
creativity_0013,user,walkthrough,walkthrough,2,93,14,2,16,15,2,17
creativity_0013,user,project_example,project example,3,115,13,2,15,25,1,26
creativity_0013,user,dynamic,dynamic,7,156,15,10,25,30,0,30
creativity_0013,user,changed_aspects,changed aspects,2,64,10,4,14,12,1,13
creativity_0013,user,concerns,concerns,7,117,12,7,19,24,2,26
creativity_0013,user,future,future,3,70,9,5,14,13,2,15
creativity_0013,user,extra_comments,extra comments,1,7,1,1,2,0,0,0
creativity_0014,user,intro,intro,1,16,3,1,4,1,0,1
creativity_0014,user,basic_job_description,basic job description,2,105,13,6,19,23,7,30
creativity_0014,user,walkthrough,walkthrough,3,106,9,5,14,25,2,27
creativity_0014,user,project_example,project example,3,99,13,3,16,18,3,21
creativity_0014,user,dynamic,dynamic,2,81,11,12,23,12,0,12
creativity_0014,user,changed_aspects,changed aspects,2,80,14,6,20,10,1,11
creativity_0014,user,concerns,concerns,2,117,17,7,24,23,0,23
creativity_0014,user,future,future,3,100,13,11,24,18,0,18
creativity_0014,user,extra_comments,extra comments,1,10,2,1,3,0,0,0
creativity_0015,user,intro,intro,1,9,2,0,2,0,1,1
creativity_0015,user,basic_job_description,basic job description,6,84,11,3,14,22,0,22
creativity_0015,user,walkthrough,walkthrough,4,101,15,2,17,18,1,19
creativity_0015,user,project_example,project example,4,88,11,6,17,14,1,15
creativity_0015,user,dynamic,dynamic,3,93,14,3,17,20,1,21
creativity_0015,user,changed_aspects,changed aspects,4,97,15,7,22,13,1,14
creativity_0015,user,concerns,concerns,3,83,10,7,17,12,2,14
creativity_0015,user,future,future,4,104,17,5,22,16,0,16
creativity_0015,user,extra_comments,extra comments,2,14,1,1,2,2,1,3
creativity_0016,user,intro,intro,2,7,3,0,3,0,0,0
creativity_0016,user,basic_job_description,basic job description,2,26,1,2,3,7,0,7
creativity_0016,user,walkthrough,walkthrough,3,59,9,0,9,23,0,23
creativity_0016,user,project_example,project example,4,96,15,2,17,25,1,26
creativity_0016,user,dynamic,dynamic,3,81,14,5,19,10,1,11
creativity_0016,user,changed_aspects,changed aspects,3,69,7,2,9,17,1,18
creativity_0016,user,concerns,concerns,7,148,20,8,28,34,1,35
creativity_0016,user,future,future,5,128,14,10,24,26,3,29
creativity_0016,user,extra_comments,extra comments,1,7,0,2,2,0,0,0
creativity_0017,user,intro,intro,1,5,1,0,1,0,0,0
creativity_0017,user,basic_job_description,basic job description,4,154,18,4,22,39,2,41
creativity_0017,user,walkthrough,walkthrough,4,160,21,6,27,40,2,42
creativity_0017,user,project_example,project example,7,226,31,20,51,40,0,40
creativity_0017,user,dynamic,dynamic,2,46,8,1,9,7,0,7
creativity_0017,user,changed_aspects,changed aspects,2,51,10,1,11,8,0,8
creativity_0017,user,concerns,concerns,7,200,25,16,41,36,1,37
creativity_0017,user,future,future,1,46,8,1,9,11,1,12
creativity_0017,user,extra_comments,extra comments,1,6,0,1,1,0,0,0
creativity_0018,user,intro,intro,1,5,1,0,1,0,0,0
creativity_0018,user,basic_job_description,basic job description,4,73,6,2,8,22,0,22
creativity_0018,user,walkthrough,walkthrough,4,85,9,8,17,19,0,19
creativity_0018,user,project_example,project example,4,95,18,7,25,13,0,13
creativity_0018,user,dynamic,dynamic,3,54,10,3,13,7,0,7
creativity_0018,user,changed_aspects,changed aspects,2,56,7,4,11,10,0,10
creativity_0018,user,concerns,concerns,3,78,8,8,16,19,0,19
creativity_0018,user,future,future,4,133,11,7,18,29,0,29
creativity_0018,user,extra_comments,extra comments,4,110,14,8,22,24,0,24
creativity_0019,user,intro,intro,2,10,3,1,4,0,0,0
creativity_0019,user,basic_job_description,basic job description,2,47,6,2,8,11,0,11
creativity_0019,user,walkthrough,walkthrough,5,100,19,7,26,11,0,11
creativity_0019,user,project_example,project example,6,148,21,6,27,31,2,33
creativity_0019,user,dynamic,dynamic,4,77,9,7,16,10,0,10
creativity_0019,user,changed_aspects,changed aspects,4,62,8,7,15,11,1,12
creativity_0019,user,concerns,concerns,2,36,3,2,5,10,1,11
creativity_0019,user,future,future,3,66,10,3,13,12,0,12
creativity_0019,user,extra_comments,extra comments,1,7,2,2,4,0,0,0
creativity_0020,user,intro,intro,1,6,2,0,2,0,0,0
creativity_0020,user,basic_job_description,basic job description,1,22,1,1,2,7,0,7
creativity_0020,user,walkthrough,walkthrough,3,55,7,3,10,14,5,19
creativity_0020,user,project_example,project example,5,88,13,2,15,19,2,21
creativity_0020,user,dynamic,dynamic,4,112,16,5,21,19,2,21
creativity_0020,user,changed_aspects,changed aspects,3,70,7,2,9,16,0,16
creativity_0020,user,concerns,concerns,6,135,16,14,30,32,0,32
creativity_0020,user,future,future,5,92,12,8,20,14,1,15
creativity_0020,user,extra_comments,extra comments,2,11,2,1,3,0,0,0
creativity_0021,user,intro,intro,2,9,1,1,2,1,0,1
creativity_0021,user,basic_job_description,basic job description,4,141,8,7,15,38,0,38
creativity_0021,user,walkthrough,walkthrough,4,172,27,9,36,30,3,33
creativity_0021,user,project_example,project example,4,161,16,14,30,30,2,32
creativity_0021,user,dynamic,dynamic,4,63,6,3,9,15,0,15
creativity_0021,user,changed_aspects,changed aspects,2,92,12,0,12,23,0,23
creativity_0021,user,concerns,concerns,6,131,10,11,21,25,1,26
creativity_0021,user,future,future,3,64,12,3,15,11,1,12
creativity_0021,user,extra_comments,extra comments,1,8,2,1,3,0,0,0
creativity_0022,user,intro,intro,2,11,2,1,3,0,0,0
creativity_0022,user,basic_job_description,basic job description,9,253,32,9,41,66,0,66
creativity_0022,user,walkthrough,walkthrough,8,206,25,6,31,57,2,59
creativity_0022,user,project_example,project example,13,305,57,14,71,68,4,72
creativity_0022,user,dynamic,dynamic,7,191,28,12,40,23,1,24
creativity_0022,user,changed_aspects,changed aspects,3,79,13,2,15,19,0,19
creativity_0022,user,concerns,concerns,8,226,27,19,46,43,4,47
creativity_0022,user,future,future,5,121,16,11,27,25,2,27
creativity_0022,user,extra_comments,extra comments,1,8,1,1,2,0,0,0
creativity_0023,user,intro,intro,1,2,1,0,1,0,0,0
creativity_0023,user,basic_job_description,basic job description,2,37,4,2,6,11,3,14
creativity_0023,user,walkthrough,walkthrough,3,52,6,2,8,14,1,15
creativity_0023,user,project_example,project example,5,81,13,3,16,20,0,20
creativity_0023,user,dynamic,dynamic,5,84,14,6,20,16,2,18
creativity_0023,user,changed_aspects,changed aspects,5,78,10,9,19,19,0,19
creativity_0023,user,concerns,concerns,3,87,11,9,20,18,1,19
creativity_0023,user,future,future,4,85,11,4,15,18,1,19
creativity_0023,user,extra_comments,extra comments,1,1,0,0,0,0,0,0
creativity_0024,user,intro,intro,1,7,1,1,2,0,0,0
creativity_0024,user,basic_job_description,basic job description,5,204,26,11,37,43,3,46
creativity_0024,user,walkthrough,walkthrough,7,215,27,15,42,34,4,38
creativity_0024,user,project_example,project example,6,267,28,19,47,37,4,41
creativity_0024,user,dynamic,dynamic,1,53,4,8,12,7,0,7
creativity_0024,user,changed_aspects,changed aspects,3,181,24,14,38,27,0,27
creativity_0024,user,concerns,concerns,4,181,17,9,26,32,0,32
creativity_0024,user,future,future,4,166,21,12,33,22,2,24
creativity_0024,user,extra_comments,extra comments,2,12,1,1,2,2,0,2
creativity_0025,user,intro,intro,2,6,1,0,1,1,0,1
creativity_0025,user,basic_job_description,basic job description,4,54,8,3,11,14,0,14
creativity_0025,user,walkthrough,walkthrough,3,71,10,8,18,12,0,12
creativity_0025,user,project_example,project example,4,93,15,4,19,16,1,17
creativity_0025,user,dynamic,dynamic,4,65,9,5,14,10,0,10
creativity_0025,user,changed_aspects,changed aspects,3,39,1,3,4,5,0,5
creativity_0025,user,concerns,concerns,3,55,8,6,14,9,0,9
creativity_0025,user,future,future,2,21,3,2,5,0,1,1
creativity_0025,user,extra_comments,extra comments,1,6,1,1,2,0,0,0
creativity_0026,user,intro,intro,2,6,2,0,2,0,0,0
creativity_0026,user,basic_job_description,basic job description,11,329,40,20,60,72,0,72
creativity_0026,user,walkthrough,walkthrough,5,177,26,10,36,22,2,24
creativity_0026,user,project_example,project example,7,156,20,9,29,24,0,24
creativity_0026,user,dynamic,dynamic,2,62,6,4,10,14,0,14
creativity_0026,user,changed_aspects,changed aspects,1,27,6,2,8,2,0,2
creativity_0026,user,concerns,concerns,5,228,22,16,38,50,4,54
creativity_0026,user,future,future,3,127,19,8,27,30,0,30
creativity_0026,user,extra_comments,extra comments,1,8,1,1,2,0,0,0
creativity_0027,user,intro,intro,2,20,5,1,6,2,0,2
creativity_0027,user,basic_job_description,basic job description,3,76,8,4,12,24,0,24
creativity_0027,user,walkthrough,walkthrough,6,87,17,5,22,14,4,18
creativity_0027,user,project_example,project example,10,220,34,19,53,26,3,29
creativity_0027,user,dynamic,dynamic,4,105,17,6,23,13,3,16
creativity_0027,user,changed_aspects,changed aspects,2,100,20,6,26,13,4,17
creativity_0027,user,concerns,concerns,3,83,11,7,18,17,0,17
creativity_0027,user,future,future,4,170,27,15,42,28,4,32
creativity_0027,user,extra_comments,extra comments,1,6,1,1,2,0,0,0
creativity_0028,user,intro,intro,1,9,1,0,1,0,0,0
creativity_0028,user,basic_job_description,basic job description,2,29,2,3,5,8,0,8
creativity_0028,user,walkthrough,walkthrough,4,100,13,2,15,19,0,19
creativity_0028,user,project_example,project example,3,93,12,4,16,21,1,22
creativity_0028,user,dynamic,dynamic,1,36,2,2,4,4,0,4
creativity_0028,user,changed_aspects,changed aspects,2,102,11,13,24,14,0,14
creativity_0028,user,concerns,concerns,4,78,7,9,16,11,2,13
creativity_0028,user,future,future,3,77,12,7,19,15,0,15
creativity_0028,user,extra_comments,extra comments,4,77,12,6,18,13,1,14
creativity_0029,user,intro,intro,2,10,2,1,3,1,0,1
creativity_0029,user,basic_job_description,basic job description,5,76,14,1,15,17,0,17
creativity_0029,user,walkthrough,walkthrough,7,136,23,6,29,22,1,23
creativity_0029,user,project_example,project example,11,193,29,11,40,27,1,28
creativity_0029,user,dynamic,dynamic,8,146,17,11,28,22,1,23
creativity_0029,user,changed_aspects,changed aspects,5,92,13,9,22,14,1,15
creativity_0029,user,concerns,concerns,8,152,18,13,31,28,1,29
creativity_0029,user,future,future,4,65,10,6,16,10,0,10
creativity_0029,user,extra_comments,extra comments,1,6,1,1,2,0,0,0
creativity_0030,user,intro,intro,2,14,2,2,4,1,0,1
creativity_0030,user,basic_job_description,basic job description,3,52,4,3,7,12,0,12
creativity_0030,user,walkthrough,walkthrough,3,89,10,4,14,16,1,17
creativity_0030,user,project_example,project example,12,264,38,19,57,28,3,31
creativity_0030,user,dynamic,dynamic,3,92,11,3,14,16,0,16
creativity_0030,user,changed_aspects,changed aspects,3,87,12,5,17,12,0,12
creativity_0030,user,concerns,concerns,7,162,25,11,36,23,2,25
creativity_0030,user,future,future,5,162,31,9,40,15,0,15
creativity_0030,user,extra_comments,extra comments,1,9,2,1,3,0,0,0
creativity_0031,user,intro,intro,1,8,1,1,2,0,0,0
creativity_0031,user,basic_job_description,basic job description,5,78,5,4,9,19,1,20
creativity_0031,user,walkthrough,walkthrough,5,175,23,11,34,35,3,38
creativity_0031,user,project_example,project example,3,81,11,7,18,10,0,10
creativity_0031,user,dynamic,dynamic,6,180,29,12,41,19,2,21
creativity_0031,user,changed_aspects,changed aspects,3,118,23,8,31,15,0,15
creativity_0031,user,concerns,concerns,5,121,10,10,20,22,0,22
creativity_0031,user,future,future,7,143,21,11,32,20,0,20
creativity_0031,user,extra_comments,extra comments,4,69,6,6,12,5,1,6
creativity_0032,user,intro,intro,2,11,3,0,3,1,0,1
creativity_0032,user,basic_job_description,basic job description,7,162,23,8,31,26,3,29
creativity_0032,user,walkthrough,walkthrough,4,123,18,5,23,21,2,23
creativity_0032,user,project_example,project example,9,204,30,19,49,32,3,35
creativity_0032,user,dynamic,dynamic,6,120,22,3,25,21,0,21
creativity_0032,user,changed_aspects,changed aspects,6,129,24,12,36,13,0,13
creativity_0032,user,concerns,concerns,5,129,24,9,33,10,3,13
creativity_0032,user,future,future,5,127,20,10,30,15,1,16
creativity_0032,user,extra_comments,extra comments,2,13,3,0,3,1,0,1
creativity_0033,user,intro,intro,1,4,0,1,1,0,0,0
creativity_0033,user,basic_job_description,basic job description,8,137,18,1,19,38,6,44
creativity_0033,user,walkthrough,walkthrough,8,231,35,10,45,39,2,41
creativity_0033,user,project_example,project example,8,257,41,8,49,41,4,45
creativity_0033,user,dynamic,dynamic,19,453,66,33,99,69,3,72
creativity_0033,user,changed_aspects,changed aspects,8,221,27,15,42,25,3,28
creativity_0033,user,concerns,concerns,8,147,22,18,40,18,4,22
creativity_0033,user,future,future,8,192,25,19,44,32,1,33
creativity_0033,user,extra_comments,extra comments,1,1,0,0,0,0,0,0
creativity_0034,user,intro,intro,2,7,3,0,3,0,0,0
creativity_0034,user,basic_job_description,basic job description,4,95,6,7,13,20,2,22
creativity_0034,user,walkthrough,walkthrough,5,81,12,3,15,14,1,15
creativity_0034,user,project_example,project example,6,172,20,12,32,28,1,29
creativity_0034,user,dynamic,dynamic,7,125,18,10,28,15,1,16
creativity_0034,user,changed_aspects,changed aspects,5,150,19,12,31,22,1,23
creativity_0034,user,concerns,concerns,8,248,34,12,46,48,1,49
creativity_0034,user,future,future,3,94,14,7,21,10,3,13
creativity_0034,user,extra_comments,extra comments,2,11,2,0,2,1,0,1
creativity_0035,user,intro,intro,1,3,1,0,1,0,0,0
creativity_0035,user,basic_job_description,basic job description,2,30,3,3,6,7,0,7
creativity_0035,user,walkthrough,walkthrough,3,77,15,3,18,14,2,16
creativity_0035,user,project_example,project example,3,75,14,1,15,13,2,15
creativity_0035,user,dynamic,dynamic,2,28,6,1,7,6,0,6
creativity_0035,user,changed_aspects,changed aspects,3,52,10,4,14,4,1,5
creativity_0035,user,concerns,concerns,2,32,6,2,8,10,0,10
creativity_0035,user,future,future,2,54,9,5,14,6,0,6
creativity_0035,user,extra_comments,extra comments,1,9,1,0,1,1,0,1
creativity_0036,user,intro,intro,2,14,2,1,3,2,0,2
creativity_0036,user,basic_job_description,basic job description,3,33,3,2,5,8,0,8
creativity_0036,user,walkthrough,walkthrough,5,100,16,9,25,12,4,16
creativity_0036,user,project_example,project example,7,144,23,8,31,25,0,25
creativity_0036,user,dynamic,dynamic,5,82,8,6,14,17,0,17
creativity_0036,user,changed_aspects,changed aspects,1,33,5,3,8,8,1,9
creativity_0036,user,concerns,concerns,8,192,24,14,38,45,4,49
creativity_0036,user,future,future,5,84,13,6,19,16,1,17
creativity_0036,user,extra_comments,extra comments,2,9,1,1,2,0,0,0
creativity_0037,user,intro,intro,1,3,1,0,1,0,0,0
creativity_0037,user,basic_job_description,basic job description,9,151,16,8,24,38,0,38
creativity_0037,user,walkthrough,walkthrough,6,104,14,5,19,19,2,21
creativity_0037,user,project_example,project example,14,310,37,16,53,58,4,62
creativity_0037,user,dynamic,dynamic,1,25,5,2,7,3,1,4
creativity_0037,user,changed_aspects,changed aspects,7,96,14,4,18,19,0,19
creativity_0037,user,concerns,concerns,2,36,6,3,9,8,0,8
creativity_0037,user,future,future,5,83,13,5,18,13,1,14
creativity_0037,user,extra_comments,extra comments,2,5,1,0,1,0,0,0
creativity_0038,user,intro,intro,1,3,1,0,1,0,0,0
creativity_0038,user,basic_job_description,basic job description,3,52,6,4,10,13,0,13
creativity_0038,user,walkthrough,walkthrough,4,80,12,7,19,11,0,11
creativity_0038,user,project_example,project example,4,84,13,5,18,10,0,10
creativity_0038,user,dynamic,dynamic,5,94,13,6,19,20,0,20
creativity_0038,user,changed_aspects,changed aspects,2,45,6,4,10,8,0,8
creativity_0038,user,concerns,concerns,3,71,8,7,15,16,0,16
creativity_0038,user,future,future,3,80,13,9,22,12,0,12
creativity_0038,user,extra_comments,extra comments,2,9,2,1,3,0,0,0
creativity_0039,user,intro,intro,1,4,2,0,2,0,0,0
creativity_0039,user,basic_job_description,basic job description,4,75,6,4,10,21,2,23
creativity_0039,user,walkthrough,walkthrough,2,49,6,5,11,11,1,12
creativity_0039,user,project_example,project example,9,176,29,6,35,33,3,36
creativity_0039,user,dynamic,dynamic,3,86,11,5,16,11,1,12
creativity_0039,user,changed_aspects,changed aspects,2,48,6,4,10,10,1,11
creativity_0039,user,concerns,concerns,8,172,21,18,39,33,2,35
creativity_0039,user,future,future,3,94,11,6,17,23,0,23
creativity_0039,user,extra_comments,extra comments,3,36,5,4,9,4,2,6
creativity_0040,user,intro,intro,1,1,0,0,0,0,0,0
creativity_0040,user,basic_job_description,basic job description,3,57,3,2,5,15,0,15
creativity_0040,user,walkthrough,walkthrough,8,161,21,8,29,41,3,44
creativity_0040,user,project_example,project example,7,177,18,1,19,37,15,52
creativity_0040,user,dynamic,dynamic,3,56,6,3,9,11,0,11
creativity_0040,user,changed_aspects,changed aspects,2,60,8,3,11,15,1,16
creativity_0040,user,concerns,concerns,1,2,0,0,0,0,0,0
creativity_0040,user,future,future,3,85,16,7,23,16,5,21
creativity_0040,user,extra_comments,extra comments,1,1,0,0,0,0,0,0
creativity_0041,user,intro,intro,1,3,2,0,2,0,0,0
creativity_0041,user,basic_job_description,basic job description,1,51,5,2,7,14,0,14
creativity_0041,user,walkthrough,walkthrough,2,48,7,2,9,12,0,12
creativity_0041,user,project_example,project example,5,160,19,7,26,34,0,34
creativity_0041,user,dynamic,dynamic,2,53,7,3,10,10,1,11
creativity_0041,user,changed_aspects,changed aspects,2,58,9,4,13,8,1,9
creativity_0041,user,concerns,concerns,2,60,4,4,8,15,1,16
creativity_0041,user,future,future,3,87,10,9,19,15,0,15
creativity_0041,user,extra_comments,extra comments,1,15,3,1,4,1,0,1
creativity_0042,user,intro,intro,2,11,3,0,3,1,0,1
creativity_0042,user,basic_job_description,basic job description,3,131,19,4,23,27,3,30
creativity_0042,user,walkthrough,walkthrough,4,173,32,2,34,32,1,33
creativity_0042,user,project_example,project example,4,107,20,5,25,12,5,17
creativity_0042,user,dynamic,dynamic,2,95,13,8,21,8,0,8
creativity_0042,user,changed_aspects,changed aspects,3,65,11,3,14,12,1,13
creativity_0042,user,concerns,concerns,4,112,14,8,22,20,0,20
creativity_0042,user,future,future,5,129,17,12,29,19,2,21
creativity_0042,user,extra_comments,extra comments,1,1,0,0,0,0,0,0
creativity_0043,user,intro,intro,2,6,1,0,1,1,0,1
creativity_0043,user,basic_job_description,basic job description,2,47,6,1,7,18,0,18
creativity_0043,user,walkthrough,walkthrough,3,59,12,2,14,17,0,17
creativity_0043,user,project_example,project example,5,110,15,6,21,22,1,23
creativity_0043,user,dynamic,dynamic,4,73,7,1,8,16,0,16
creativity_0043,user,changed_aspects,changed aspects,3,52,4,2,6,15,0,15
creativity_0043,user,concerns,concerns,3,45,7,0,7,11,1,12
creativity_0043,user,future,future,2,36,4,1,5,9,1,10
creativity_0043,user,extra_comments,extra comments,1,1,0,0,0,0,0,0
creativity_0044,user,intro,intro,2,9,2,0,2,0,0,0
creativity_0044,user,basic_job_description,basic job description,4,57,6,1,7,18,1,19
creativity_0044,user,walkthrough,walkthrough,6,215,27,5,32,35,8,43
creativity_0044,user,project_example,project example,5,159,25,6,31,27,8,35
creativity_0044,user,dynamic,dynamic,6,112,12,9,21,20,0,20
creativity_0044,user,changed_aspects,changed aspects,10,300,37,26,63,37,3,40
creativity_0044,user,concerns,concerns,6,163,17,14,31,31,2,33
creativity_0044,user,future,future,4,96,8,6,14,21,1,22
creativity_0044,user,extra_comments,extra comments,4,158,12,7,19,38,2,40
creativity_0045,user,intro,intro,1,1,0,0,0,0,0,0
creativity_0045,user,basic_job_description,basic job description,3,37,4,3,7,6,0,6
creativity_0045,user,walkthrough,walkthrough,11,280,34,19,53,47,9,56
creativity_0045,user,project_example,project example,4,69,9,6,15,9,1,10
creativity_0045,user,dynamic,dynamic,4,80,9,6,15,16,1,17
creativity_0045,user,changed_aspects,changed aspects,10,179,19,13,32,28,1,29
creativity_0045,user,concerns,concerns,5,106,14,10,24,15,1,16
creativity_0045,user,future,future,5,85,13,8,21,8,0,8
creativity_0045,user,extra_comments,extra comments,1,1,0,0,0,0,0,0
creativity_0046,user,intro,intro,1,12,3,1,4,1,0,1
creativity_0046,user,basic_job_description,basic job description,5,203,25,8,33,42,3,45
creativity_0046,user,walkthrough,walkthrough,7,172,25,6,31,29,0,29
creativity_0046,user,project_example,project example,9,258,37,13,50,40,4,44
creativity_0046,user,dynamic,dynamic,4,103,15,6,21,14,0,14
creativity_0046,user,changed_aspects,changed aspects,3,101,16,4,20,17,1,18
creativity_0046,user,concerns,concerns,5,147,16,9,25,26,0,26
creativity_0046,user,future,future,3,95,11,8,19,17,0,17
creativity_0046,user,extra_comments,extra comments,1,6,1,1,2,0,0,0
creativity_0047,user,intro,intro,1,9,1,1,2,1,0,1
creativity_0047,user,basic_job_description,basic job description,7,94,13,5,18,23,0,23
creativity_0047,user,walkthrough,walkthrough,4,114,11,6,17,29,1,30
creativity_0047,user,project_example,project example,4,86,13,2,15,18,0,18
creativity_0047,user,dynamic,dynamic,5,98,10,8,18,16,1,17
creativity_0047,user,changed_aspects,changed aspects,5,163,22,11,33,29,2,31
creativity_0047,user,concerns,concerns,3,73,9,8,17,11,0,11
creativity_0047,user,future,future,5,110,12,6,18,25,0,25
creativity_0047,user,extra_comments,extra comments,1,12,4,1,5,1,0,1
creativity_0048,user,intro,intro,2,5,0,0,0,1,0,1
creativity_0048,user,basic_job_description,basic job description,2,31,3,2,5,6,0,6
creativity_0048,user,walkthrough,walkthrough,11,325,42,22,64,60,2,62
creativity_0048,user,project_example,project example,6,233,38,18,56,35,3,38
creativity_0048,user,dynamic,dynamic,5,138,22,8,30,25,0,25
creativity_0048,user,changed_aspects,changed aspects,4,143,19,9,28,17,0,17
creativity_0048,user,concerns,concerns,4,104,17,9,26,13,4,17
creativity_0048,user,future,future,4,84,16,8,24,9,0,9
creativity_0048,user,extra_comments,extra comments,1,10,1,1,2,1,0,1
creativity_0049,user,intro,intro,2,10,2,0,2,1,0,1
creativity_0049,user,basic_job_description,basic job description,3,57,2,4,6,13,3,16
creativity_0049,user,walkthrough,walkthrough,6,134,16,8,24,21,1,22
creativity_0049,user,project_example,project example,3,55,8,1,9,13,0,13
creativity_0049,user,dynamic,dynamic,1,17,1,2,3,3,0,3
creativity_0049,user,changed_aspects,changed aspects,2,18,1,2,3,6,0,6
creativity_0049,user,concerns,concerns,1,28,5,1,6,4,0,4
creativity_0049,user,future,future,1,18,4,2,6,2,0,2
creativity_0049,user,extra_comments,extra comments,2,12,2,1,3,1,0,1
creativity_0050,user,intro,intro,1,11,2,2,4,1,0,1
creativity_0050,user,basic_job_description,basic job description,2,54,6,2,8,16,4,20
creativity_0050,user,walkthrough,walkthrough,6,150,22,10,32,24,1,25
creativity_0050,user,project_example,project example,3,67,11,1,12,12,1,13
creativity_0050,user,dynamic,dynamic,5,93,12,6,18,10,3,13
creativity_0050,user,changed_aspects,changed aspects,5,110,15,7,22,18,1,19
creativity_0050,user,concerns,concerns,5,94,9,8,17,18,2,20
creativity_0050,user,future,future,3,65,10,8,18,9,0,9
creativity_0050,user,extra_comments,extra comments,2,56,9,1,10,14,1,15
creativity_0051,user,intro,intro,3,10,3,0,3,1,0,1
creativity_0051,user,basic_job_description,basic job description,5,57,4,5,9,12,0,12
creativity_0051,user,walkthrough,walkthrough,3,71,14,4,18,11,2,13
creativity_0051,user,project_example,project example,12,209,25,11,36,39,0,39
creativity_0051,user,dynamic,dynamic,4,74,5,4,9,15,0,15
creativity_0051,user,changed_aspects,changed aspects,6,68,11,2,13,11,2,13
creativity_0051,user,concerns,concerns,9,111,16,9,25,18,0,18
creativity_0051,user,future,future,5,49,5,6,11,8,1,9
creativity_0051,user,extra_comments,extra comments,0,0,0,0,0,0,0,0
creativity_0052,user,intro,intro,1,8,1,1,2,1,0,1
creativity_0052,user,basic_job_description,basic job description,5,104,10,4,14,26,0,26
creativity_0052,user,walkthrough,walkthrough,14,235,27,9,36,37,4,41
creativity_0052,user,project_example,project example,10,177,21,7,28,34,1,35
creativity_0052,user,dynamic,dynamic,9,145,19,9,28,26,2,28
creativity_0052,user,changed_aspects,changed aspects,10,152,18,8,26,30,0,30
creativity_0052,user,concerns,concerns,7,110,14,9,23,19,1,20
creativity_0052,user,future,future,5,90,10,7,17,16,0,16
creativity_0052,user,extra_comments,extra comments,1,8,1,1,2,0,0,0
creativity_0053,user,intro,intro,1,3,0,0,0,1,0,1
creativity_0053,user,basic_job_description,basic job description,1,48,3,2,5,15,0,15
creativity_0053,user,walkthrough,walkthrough,4,154,21,10,31,29,1,30
creativity_0053,user,project_example,project example,7,222,28,15,43,36,1,37
creativity_0053,user,dynamic,dynamic,6,150,18,13,31,21,0,21
creativity_0053,user,changed_aspects,changed aspects,4,65,4,5,9,14,1,15
creativity_0053,user,concerns,concerns,4,86,9,8,17,14,0,14
creativity_0053,user,future,future,4,123,11,14,25,26,0,26
creativity_0053,user,extra_comments,extra comments,1,1,0,0,0,0,0,0
creativity_0054,user,intro,intro,2,9,1,0,1,2,0,2
creativity_0054,user,basic_job_description,basic job description,6,97,12,6,18,20,0,20
creativity_0054,user,walkthrough,walkthrough,8,209,35,8,43,34,4,38
creativity_0054,user,project_example,project example,5,139,17,4,21,32,1,33
creativity_0054,user,dynamic,dynamic,4,77,8,4,12,16,0,16
creativity_0054,user,changed_aspects,changed aspects,6,133,21,8,29,24,0,24
creativity_0054,user,concerns,concerns,4,71,12,6,18,14,0,14
creativity_0054,user,future,future,5,118,20,8,28,20,1,21
creativity_0054,user,extra_comments,extra comments,3,78,10,7,17,18,0,18
creativity_0055,user,intro,intro,1,6,1,0,1,0,0,0
creativity_0055,user,basic_job_description,basic job description,5,122,20,3,23,26,2,28
creativity_0055,user,walkthrough,walkthrough,5,116,16,6,22,23,0,23
creativity_0055,user,project_example,project example,4,110,16,4,20,20,2,22
creativity_0055,user,dynamic,dynamic,4,108,13,9,22,21,0,21
creativity_0055,user,changed_aspects,changed aspects,1,31,6,2,8,5,0,5
creativity_0055,user,concerns,concerns,2,57,11,5,16,8,2,10
creativity_0055,user,future,future,1,47,7,3,10,7,0,7
creativity_0055,user,extra_comments,extra comments,1,4,0,1,1,0,0,0
creativity_0056,user,intro,intro,1,22,5,2,7,1,0,1
creativity_0056,user,basic_job_description,basic job description,3,54,6,0,6,17,0,17
creativity_0056,user,walkthrough,walkthrough,5,95,14,4,18,16,3,19
creativity_0056,user,project_example,project example,4,134,21,6,27,23,2,25
creativity_0056,user,dynamic,dynamic,7,166,31,12,43,19,0,19
creativity_0056,user,changed_aspects,changed aspects,8,136,17,9,26,21,2,23
creativity_0056,user,concerns,concerns,3,97,16,5,21,19,2,21
creativity_0056,user,future,future,6,139,22,12,34,16,2,18
creativity_0056,user,extra_comments,extra comments,1,7,0,1,1,0,0,0
creativity_0057,user,intro,intro,2,10,2,1,3,1,0,1
creativity_0057,user,basic_job_description,basic job description,4,100,17,1,18,25,2,27
creativity_0057,user,walkthrough,walkthrough,4,116,13,7,20,22,1,23
creativity_0057,user,project_example,project example,11,260,44,13,57,43,0,43
creativity_0057,user,dynamic,dynamic,1,57,8,2,10,11,0,11
creativity_0057,user,changed_aspects,changed aspects,2,47,9,2,11,5,1,6
creativity_0057,user,concerns,concerns,3,91,15,6,21,17,0,17
creativity_0057,user,future,future,4,97,15,8,23,16,0,16
creativity_0057,user,extra_comments,extra comments,1,9,1,1,2,0,0,0
creativity_0058,user,intro,intro,1,7,1,1,2,0,0,0
creativity_0058,user,basic_job_description,basic job description,2,42,3,1,4,12,0,12
creativity_0058,user,walkthrough,walkthrough,45,852,96,57,153,128,8,136
creativity_0058,user,project_example,project example,0,0,0,0,0,0,0,0
creativity_0058,user,dynamic,dynamic,11,148,18,14,32,20,2,22
creativity_0058,user,changed_aspects,changed aspects,2,39,4,3,7,7,0,7
creativity_0058,user,concerns,concerns,7,157,17,11,28,26,3,29
creativity_0058,user,future,future,8,147,22,9,31,25,2,27
creativity_0058,user,extra_comments,extra comments,8,140,13,6,19,20,2,22
creativity_0059,user,intro,intro,2,8,1,1,2,1,0,1
creativity_0059,user,basic_job_description,basic job description,4,70,9,8,17,11,0,11
creativity_0059,user,walkthrough,walkthrough,3,69,10,3,13,12,1,13
creativity_0059,user,project_example,project example,9,229,31,14,45,38,9,47
creativity_0059,user,dynamic,dynamic,0,0,0,0,0,0,0,0
creativity_0059,user,changed_aspects,changed aspects,4,108,15,11,26,16,0,16
creativity_0059,user,concerns,concerns,4,87,12,11,23,20,0,20
creativity_0059,user,future,future,4,93,13,9,22,16,0,16
creativity_0059,user,extra_comments,extra comments,4,116,17,12,29,15,3,18
creativity_0060,user,intro,intro,2,7,2,1,3,0,0,0
creativity_0060,user,basic_job_description,basic job description,7,105,18,7,25,13,0,13
creativity_0060,user,walkthrough,walkthrough,3,75,10,1,11,16,0,16
creativity_0060,user,project_example,project example,6,103,21,2,23,16,0,16
creativity_0060,user,dynamic,dynamic,6,102,15,9,24,14,0,14
creativity_0060,user,changed_aspects,changed aspects,4,74,9,7,16,6,1,7
creativity_0060,user,concerns,concerns,6,110,15,10,25,18,3,21
creativity_0060,user,future,future,5,108,17,9,26,14,1,15
creativity_0060,user,extra_comments,extra comments,2,8,1,1,2,0,0,0
creativity_0061,user,intro,intro,1,9,3,0,3,0,0,0
creativity_0061,user,basic_job_description,basic job description,5,146,15,5,20,48,0,48
creativity_0061,user,walkthrough,walkthrough,9,241,28,12,40,48,6,54
creativity_0061,user,project_example,project example,10,337,46,24,70,59,3,62
creativity_0061,user,dynamic,dynamic,5,177,25,11,36,24,3,27
creativity_0061,user,changed_aspects,changed aspects,1,65,6,7,13,14,1,15
creativity_0061,user,concerns,concerns,5,95,14,6,20,16,0,16
creativity_0061,user,future,future,5,178,24,11,35,33,2,35
creativity_0061,user,extra_comments,extra comments,1,15,0,1,1,3,0,3
creativity_0062,user,intro,intro,1,6,0,1,1,0,0,0
creativity_0062,user,basic_job_description,basic job description,5,137,11,0,11,56,0,56
creativity_0062,user,walkthrough,walkthrough,4,100,12,5,17,35,0,35
creativity_0062,user,project_example,project example,3,101,16,4,20,21,1,22
creativity_0062,user,dynamic,dynamic,3,45,6,2,8,10,1,11
creativity_0062,user,changed_aspects,changed aspects,3,87,10,8,18,14,1,15
creativity_0062,user,concerns,concerns,4,95,10,3,13,25,0,25
creativity_0062,user,future,future,4,101,16,11,27,15,0,15
creativity_0062,user,extra_comments,extra comments,2,56,8,4,12,8,2,10
creativity_0063,user,intro,intro,1,7,1,1,2,0,0,0
creativity_0063,user,basic_job_description,basic job description,3,49,5,2,7,10,0,10
creativity_0063,user,walkthrough,walkthrough,10,185,28,8,36,36,5,41
creativity_0063,user,project_example,project example,6,116,14,8,22,20,0,20
creativity_0063,user,dynamic,dynamic,6,147,17,9,26,21,1,22
creativity_0063,user,changed_aspects,changed aspects,2,60,8,6,14,8,0,8
creativity_0063,user,concerns,concerns,5,119,15,9,24,21,0,21
creativity_0063,user,future,future,7,145,18,12,30,20,1,21
creativity_0063,user,extra_comments,extra comments,2,12,1,1,2,1,0,1
creativity_0064,user,intro,intro,1,3,1,0,1,0,0,0
creativity_0064,user,basic_job_description,basic job description,2,45,3,4,7,13,0,13
creativity_0064,user,walkthrough,walkthrough,5,96,17,3,20,20,0,20
creativity_0064,user,project_example,project example,6,125,18,3,21,26,0,26
creativity_0064,user,dynamic,dynamic,4,74,14,3,17,13,0,13
creativity_0064,user,changed_aspects,changed aspects,3,104,18,7,25,14,0,14
creativity_0064,user,concerns,concerns,8,200,22,18,40,29,2,31
creativity_0064,user,future,future,3,66,9,10,19,9,0,9
creativity_0064,user,extra_comments,extra comments,2,8,1,0,1,1,0,1
creativity_0065,user,intro,intro,1,4,0,1,1,0,0,0
creativity_0065,user,basic_job_description,basic job description,6,82,7,5,12,21,0,21
creativity_0065,user,walkthrough,walkthrough,2,80,8,1,9,18,3,21
creativity_0065,user,project_example,project example,4,84,12,10,22,13,1,14
creativity_0065,user,dynamic,dynamic,2,23,1,3,4,3,1,4
creativity_0065,user,changed_aspects,changed aspects,1,16,2,1,3,3,0,3
creativity_0065,user,concerns,concerns,3,64,7,5,12,13,1,14
creativity_0065,user,future,future,3,29,4,1,5,6,0,6
creativity_0065,user,extra_comments,extra comments,2,55,8,5,13,8,2,10
creativity_0066,user,intro,intro,1,2,1,0,1,0,0,0
creativity_0066,user,basic_job_description,basic job description,4,85,9,9,18,29,0,29
creativity_0066,user,walkthrough,walkthrough,12,242,28,20,48,51,4,55
creativity_0066,user,project_example,project example,13,262,38,14,52,50,2,52
creativity_0066,user,dynamic,dynamic,8,178,27,11,38,20,0,20
creativity_0066,user,changed_aspects,changed aspects,6,148,22,11,33,19,2,21
creativity_0066,user,concerns,concerns,3,51,7,5,12,9,2,11
creativity_0066,user,future,future,11,235,30,20,50,46,0,46
creativity_0066,user,extra_comments,extra comments,1,6,1,0,1,0,0,0
creativity_0067,user,intro,intro,1,5,1,0,1,0,0,0
creativity_0067,user,basic_job_description,basic job description,2,41,4,3,7,13,0,13
creativity_0067,user,walkthrough,walkthrough,3,70,8,3,11,10,1,11
creativity_0067,user,project_example,project example,7,125,19,6,25,24,2,26
creativity_0067,user,dynamic,dynamic,3,60,5,5,10,13,1,14
creativity_0067,user,changed_aspects,changed aspects,2,29,3,2,5,6,0,6
creativity_0067,user,concerns,concerns,3,38,3,6,9,3,1,4
creativity_0067,user,future,future,3,55,9,5,14,7,1,8
creativity_0067,user,extra_comments,extra comments,1,13,1,0,1,1,0,1
creativity_0068,user,intro,intro,1,8,1,0,1,1,0,1
creativity_0068,user,basic_job_description,basic job description,5,126,16,3,19,27,1,28
creativity_0068,user,walkthrough,walkthrough,0,0,0,0,0,0,0,0
creativity_0068,user,project_example,project example,6,159,23,14,37,25,1,26
creativity_0068,user,dynamic,dynamic,4,119,19,8,27,12,1,13
creativity_0068,user,changed_aspects,changed aspects,3,71,14,5,19,8,0,8
creativity_0068,user,concerns,concerns,6,161,20,8,28,27,3,30
creativity_0068,user,future,future,6,114,15,14,29,19,0,19
creativity_0068,user,extra_comments,extra comments,1,1,0,0,0,0,0,0
creativity_0069,user,intro,intro,3,20,3,2,5,1,0,1
creativity_0069,user,basic_job_description,basic job description,8,142,17,5,22,35,0,35
creativity_0069,user,walkthrough,walkthrough,7,183,30,14,44,21,3,24
creativity_0069,user,project_example,project example,6,159,27,10,37,20,6,26
creativity_0069,user,dynamic,dynamic,11,189,32,15,47,20,3,23
creativity_0069,user,changed_aspects,changed aspects,15,256,35,23,58,36,2,38
creativity_0069,user,concerns,concerns,8,167,24,7,31,35,1,36
creativity_0069,user,future,future,5,112,19,9,28,12,1,13
creativity_0069,user,extra_comments,extra comments,1,6,1,1,2,0,0,0
creativity_0070,user,intro,intro,1,6,3,0,3,0,0,0
creativity_0070,user,basic_job_description,basic job description,4,77,8,7,15,14,0,14
creativity_0070,user,walkthrough,walkthrough,21,545,75,35,110,91,2,93
creativity_0070,user,project_example,project example,6,223,24,12,36,42,6,48
creativity_0070,user,dynamic,dynamic,8,165,17,19,36,23,0,23
creativity_0070,user,changed_aspects,changed aspects,4,102,15,7,22,18,1,19
creativity_0070,user,concerns,concerns,9,250,36,24,60,42,3,45
creativity_0070,user,future,future,5,150,18,16,34,32,5,37
creativity_0070,user,extra_comments,extra comments,1,2,0,0,0,0,0,0
creativity_0071,user,intro,intro,1,7,1,0,1,0,0,0
creativity_0071,user,basic_job_description,basic job description,4,118,11,7,18,31,0,31
creativity_0071,user,walkthrough,walkthrough,8,317,44,12,56,64,6,70
creativity_0071,user,project_example,project example,7,213,27,11,38,48,0,48
creativity_0071,user,dynamic,dynamic,5,119,20,5,25,21,0,21
creativity_0071,user,changed_aspects,changed aspects,6,165,23,14,37,29,0,29
creativity_0071,user,concerns,concerns,8,231,33,22,55,35,1,36
creativity_0071,user,future,future,4,129,22,8,30,22,2,24
creativity_0071,user,extra_comments,extra comments,1,1,0,0,0,0,0,0
creativity_0072,user,intro,intro,1,7,1,1,2,0,0,0
creativity_0072,user,basic_job_description,basic job description,4,53,4,2,6,16,0,16
creativity_0072,user,walkthrough,walkthrough,7,205,27,12,39,46,0,46
creativity_0072,user,project_example,project example,5,106,17,2,19,21,0,21
creativity_0072,user,dynamic,dynamic,9,190,21,10,31,28,2,30
creativity_0072,user,changed_aspects,changed aspects,3,83,16,4,20,10,0,10
creativity_0072,user,concerns,concerns,6,204,35,17,52,31,1,32
creativity_0072,user,future,future,7,181,21,16,37,35,1,36
creativity_0072,user,extra_comments,extra comments,9,159,23,15,38,18,1,19
creativity_0073,user,intro,intro,1,7,3,0,3,0,0,0
creativity_0073,user,basic_job_description,basic job description,5,141,16,9,25,28,3,31
creativity_0073,user,walkthrough,walkthrough,18,481,66,32,98,92,10,102
creativity_0073,user,project_example,project example,7,184,29,10,39,31,0,31
creativity_0073,user,dynamic,dynamic,3,105,16,11,27,17,0,17
creativity_0073,user,changed_aspects,changed aspects,2,103,21,7,28,16,0,16
creativity_0073,user,concerns,concerns,3,135,22,11,33,29,0,29
creativity_0073,user,future,future,4,218,35,12,47,34,0,34
creativity_0073,user,extra_comments,extra comments,2,13,1,1,2,2,0,2
creativity_0074,user,intro,intro,1,8,3,0,3,0,0,0
creativity_0074,user,basic_job_description,basic job description,2,31,5,1,6,10,0,10
creativity_0074,user,walkthrough,walkthrough,13,296,41,21,62,65,4,69
creativity_0074,user,project_example,project example,6,165,21,19,40,26,0,26
creativity_0074,user,dynamic,dynamic,3,49,6,2,8,10,0,10
creativity_0074,user,changed_aspects,changed aspects,1,30,5,2,7,4,0,4
creativity_0074,user,concerns,concerns,8,185,30,14,44,32,1,33
creativity_0074,user,future,future,4,83,13,5,18,12,0,12
creativity_0074,user,extra_comments,extra comments,1,1,0,0,0,0,0,0
creativity_0075,user,intro,intro,1,6,0,1,1,0,0,0
creativity_0075,user,basic_job_description,basic job description,3,58,3,3,6,16,2,18
creativity_0075,user,walkthrough,walkthrough,2,38,6,3,9,6,2,8
creativity_0075,user,project_example,project example,4,148,24,5,29,24,5,29
creativity_0075,user,dynamic,dynamic,5,79,10,5,15,16,0,16
creativity_0075,user,changed_aspects,changed aspects,2,56,6,5,11,9,1,10
creativity_0075,user,concerns,concerns,3,72,7,5,12,16,1,17
creativity_0075,user,future,future,3,48,6,4,10,11,1,12
creativity_0075,user,extra_comments,extra comments,1,5,0,0,0,1,0,1
creativity_0076,user,intro,intro,2,11,2,1,3,1,0,1
creativity_0076,user,basic_job_description,basic job description,1,66,6,2,8,17,0,17
creativity_0076,user,walkthrough,walkthrough,4,145,19,1,20,40,3,43
creativity_0076,user,project_example,project example,3,149,19,2,21,30,2,32
creativity_0076,user,dynamic,dynamic,4,175,17,9,26,30,2,32
creativity_0076,user,changed_aspects,changed aspects,3,126,20,7,27,19,0,19
creativity_0076,user,concerns,concerns,2,91,18,5,23,14,0,14
creativity_0076,user,future,future,3,75,11,4,15,16,2,18
creativity_0076,user,extra_comments,extra comments,2,11,0,1,1,1,0,1
creativity_0077,user,intro,intro,1,3,1,0,1,0,0,0
creativity_0077,user,basic_job_description,basic job description,3,43,4,4,8,5,1,6
creativity_0077,user,walkthrough,walkthrough,3,95,15,4,19,17,1,18
creativity_0077,user,project_example,project example,4,129,19,8,27,25,2,27
creativity_0077,user,dynamic,dynamic,2,100,17,9,26,14,0,14
creativity_0077,user,changed_aspects,changed aspects,4,92,12,5,17,13,1,14
creativity_0077,user,concerns,concerns,2,41,4,1,5,12,1,13
creativity_0077,user,future,future,5,178,27,13,40,29,3,32
creativity_0077,user,extra_comments,extra comments,2,10,2,1,3,0,0,0
creativity_0078,user,intro,intro,1,6,1,0,1,0,0,0
creativity_0078,user,basic_job_description,basic job description,4,86,9,6,15,18,0,18
creativity_0078,user,walkthrough,walkthrough,8,221,31,8,39,49,0,49
creativity_0078,user,project_example,project example,6,132,16,7,23,25,1,26
creativity_0078,user,dynamic,dynamic,4,159,17,9,26,30,0,30
creativity_0078,user,changed_aspects,changed aspects,6,158,27,7,34,27,3,30
creativity_0078,user,concerns,concerns,4,80,13,8,21,17,2,19
creativity_0078,user,future,future,5,142,22,13,35,27,2,29
creativity_0078,user,extra_comments,extra comments,1,7,1,1,2,0,0,0
creativity_0079,user,intro,intro,1,5,1,0,1,0,0,0
creativity_0079,user,basic_job_description,basic job description,2,42,7,0,7,9,0,9
creativity_0079,user,walkthrough,walkthrough,4,89,12,6,18,23,0,23
creativity_0079,user,project_example,project example,4,110,13,4,17,19,6,25
creativity_0079,user,dynamic,dynamic,2,50,4,1,5,12,1,13
creativity_0079,user,changed_aspects,changed aspects,3,72,10,3,13,15,3,18
creativity_0079,user,concerns,concerns,6,79,9,7,16,11,2,13
creativity_0079,user,future,future,2,29,5,4,9,2,0,2
creativity_0079,user,extra_comments,extra comments,2,15,3,1,4,1,0,1
creativity_0080,user,intro,intro,1,1,0,0,0,0,0,0
creativity_0080,user,basic_job_description,basic job description,3,87,10,3,13,21,0,21
creativity_0080,user,walkthrough,walkthrough,4,76,14,4,18,15,1,16
creativity_0080,user,project_example,project example,9,300,31,21,52,53,0,53
creativity_0080,user,dynamic,dynamic,2,37,7,3,10,5,0,5
creativity_0080,user,changed_aspects,changed aspects,2,43,11,2,13,6,0,6
creativity_0080,user,concerns,concerns,11,313,47,23,70,49,2,51
creativity_0080,user,future,future,3,52,6,4,10,10,0,10
creativity_0080,user,extra_comments,extra comments,2,11,1,2,3,0,0,0
creativity_0081,user,intro,intro,2,6,1,0,1,1,0,1
creativity_0081,user,basic_job_description,basic job description,5,143,16,3,19,42,0,42
creativity_0081,user,walkthrough,walkthrough,10,265,34,16,50,55,1,56
creativity_0081,user,project_example,project example,5,96,13,5,18,18,3,21
creativity_0081,user,dynamic,dynamic,6,140,18,10,28,25,0,25
creativity_0081,user,changed_aspects,changed aspects,6,114,13,9,22,28,0,28
creativity_0081,user,concerns,concerns,5,158,21,15,36,19,3,22
creativity_0081,user,future,future,5,76,10,5,15,11,0,11
creativity_0081,user,extra_comments,extra comments,2,11,1,1,2,1,0,1
creativity_0082,user,intro,intro,1,4,0,1,1,0,0,0
creativity_0082,user,basic_job_description,basic job description,3,23,3,3,6,4,0,4
creativity_0082,user,walkthrough,walkthrough,6,117,13,8,21,28,1,29
creativity_0082,user,project_example,project example,6,108,14,4,18,22,2,24
creativity_0082,user,dynamic,dynamic,12,242,29,20,49,39,0,39
creativity_0082,user,changed_aspects,changed aspects,0,0,0,0,0,0,0,0
creativity_0082,user,concerns,concerns,3,73,8,5,13,13,1,14
creativity_0082,user,future,future,6,147,19,10,29,32,3,35
creativity_0082,user,extra_comments,extra comments,1,1,0,0,0,0,0,0
creativity_0083,user,intro,intro,1,10,2,1,3,1,0,1
creativity_0083,user,basic_job_description,basic job description,4,80,6,3,9,24,1,25
creativity_0083,user,walkthrough,walkthrough,5,139,14,6,20,34,4,38
creativity_0083,user,project_example,project example,8,209,27,9,36,33,4,37
creativity_0083,user,dynamic,dynamic,4,96,15,5,20,14,0,14
creativity_0083,user,changed_aspects,changed aspects,4,137,15,9,24,24,0,24
creativity_0083,user,concerns,concerns,3,71,10,7,17,14,0,14
creativity_0083,user,future,future,6,122,18,7,25,17,0,17
creativity_0083,user,extra_comments,extra comments,2,8,0,1,1,1,0,1
creativity_0084,user,intro,intro,2,12,1,2,3,0,0,0
creativity_0084,user,basic_job_description,basic job description,5,113,13,3,16,28,0,28
creativity_0084,user,walkthrough,walkthrough,7,251,39,20,59,43,2,45
creativity_0084,user,project_example,project example,6,222,30,16,46,33,0,33
creativity_0084,user,dynamic,dynamic,3,120,16,12,28,12,1,13
creativity_0084,user,changed_aspects,changed aspects,6,217,31,16,47,39,1,40
creativity_0084,user,concerns,concerns,10,181,20,16,36,18,2,20
creativity_0084,user,future,future,9,169,23,14,37,23,2,25
creativity_0084,user,extra_comments,extra comments,6,139,22,12,34,21,2,23
creativity_0085,user,intro,intro,1,7,1,0,1,1,0,1
creativity_0085,user,basic_job_description,basic job description,3,29,3,0,3,8,2,10
creativity_0085,user,walkthrough,walkthrough,3,38,7,2,9,7,1,8
creativity_0085,user,project_example,project example,3,63,11,3,14,11,8,19
creativity_0085,user,dynamic,dynamic,2,43,10,4,14,5,1,6
creativity_0085,user,changed_aspects,changed aspects,3,39,5,1,6,9,1,10
creativity_0085,user,concerns,concerns,3,53,9,6,15,6,2,8
creativity_0085,user,future,future,1,24,5,1,6,5,0,5
creativity_0085,user,extra_comments,extra comments,2,9,1,1,2,0,0,0
creativity_0086,user,intro,intro,2,10,3,0,3,0,1,1
creativity_0086,user,basic_job_description,basic job description,4,103,12,8,20,22,0,22
creativity_0086,user,walkthrough,walkthrough,3,99,12,5,17,23,1,24
creativity_0086,user,project_example,project example,4,104,14,7,21,10,2,12
creativity_0086,user,dynamic,dynamic,5,84,12,5,17,11,3,14
creativity_0086,user,changed_aspects,changed aspects,2,49,8,1,9,10,0,10
creativity_0086,user,concerns,concerns,7,156,17,17,34,26,4,30
creativity_0086,user,future,future,10,204,29,17,46,36,0,36
creativity_0086,user,extra_comments,extra comments,4,40,5,1,6,8,2,10
creativity_0087,user,intro,intro,2,17,3,2,5,1,0,1
creativity_0087,user,basic_job_description,basic job description,2,41,3,3,6,9,2,11
creativity_0087,user,walkthrough,walkthrough,5,173,28,3,31,36,7,43
creativity_0087,user,project_example,project example,7,200,23,7,30,43,2,45
creativity_0087,user,dynamic,dynamic,4,83,10,4,14,18,2,20
creativity_0087,user,changed_aspects,changed aspects,3,84,13,5,18,15,1,16
creativity_0087,user,concerns,concerns,2,49,6,2,8,10,1,11
creativity_0087,user,future,future,3,85,16,7,23,12,2,14
creativity_0087,user,extra_comments,extra comments,1,1,0,0,0,0,0,0
creativity_0088,user,intro,intro,2,13,2,2,4,0,0,0
creativity_0088,user,basic_job_description,basic job description,3,53,5,1,6,14,0,14
creativity_0088,user,walkthrough,walkthrough,3,58,6,8,14,9,1,10
creativity_0088,user,project_example,project example,11,268,25,13,38,53,2,55
creativity_0088,user,dynamic,dynamic,3,63,9,2,11,10,0,10
creativity_0088,user,changed_aspects,changed aspects,7,138,17,8,25,23,2,25
creativity_0088,user,concerns,concerns,3,55,7,4,11,11,0,11
creativity_0088,user,future,future,2,57,7,4,11,12,0,12
creativity_0088,user,extra_comments,extra comments,1,17,1,2,3,3,0,3
creativity_0089,user,intro,intro,2,7,3,0,3,0,0,0
creativity_0089,user,basic_job_description,basic job description,4,78,6,2,8,26,0,26
creativity_0089,user,walkthrough,walkthrough,16,361,59,27,86,67,3,70
creativity_0089,user,project_example,project example,15,328,50,13,63,56,3,59
creativity_0089,user,dynamic,dynamic,5,104,16,5,21,15,0,15
creativity_0089,user,changed_aspects,changed aspects,4,193,26,13,39,27,1,28
creativity_0089,user,concerns,concerns,11,272,43,23,66,49,3,52
creativity_0089,user,future,future,5,127,21,9,30,18,1,19
creativity_0089,user,extra_comments,extra comments,2,11,3,0,3,0,0,0
creativity_0090,user,intro,intro,1,2,1,0,1,0,0,0
creativity_0090,user,basic_job_description,basic job description,2,54,7,5,12,13,0,13
creativity_0090,user,walkthrough,walkthrough,3,76,12,5,17,16,0,16
creativity_0090,user,project_example,project example,3,101,13,6,19,15,4,19
creativity_0090,user,dynamic,dynamic,4,155,23,8,31,23,3,26
creativity_0090,user,changed_aspects,changed aspects,4,113,12,10,22,22,0,22
creativity_0090,user,concerns,concerns,5,186,25,12,37,34,0,34
creativity_0090,user,future,future,4,185,24,8,32,31,0,31
creativity_0090,user,extra_comments,extra comments,4,145,16,17,33,27,2,29
creativity_0091,user,intro,intro,3,11,3,0,3,1,0,1
creativity_0091,user,basic_job_description,basic job description,3,61,3,1,4,23,0,23
creativity_0091,user,walkthrough,walkthrough,7,199,22,12,34,45,0,45
creativity_0091,user,project_example,project example,3,114,16,5,21,19,3,22
creativity_0091,user,dynamic,dynamic,3,52,11,3,14,6,0,6
creativity_0091,user,changed_aspects,changed aspects,4,68,10,4,14,10,1,11
creativity_0091,user,concerns,concerns,3,95,13,8,21,24,1,25
creativity_0091,user,future,future,4,124,16,9,25,23,0,23
creativity_0091,user,extra_comments,extra comments,1,8,0,1,1,0,0,0
creativity_0092,user,intro,intro,1,10,3,0,3,0,0,0
creativity_0092,user,basic_job_description,basic job description,14,371,49,21,70,66,5,71
creativity_0092,user,walkthrough,walkthrough,14,298,36,13,49,51,3,54
creativity_0092,user,project_example,project example,7,266,28,10,38,51,6,57
creativity_0092,user,dynamic,dynamic,9,228,19,15,34,40,9,49
creativity_0092,user,changed_aspects,changed aspects,10,293,28,25,53,44,4,48
creativity_0092,user,concerns,concerns,11,308,34,18,52,54,4,58
creativity_0092,user,future,future,7,194,17,17,34,38,3,41
creativity_0092,user,extra_comments,extra comments,3,52,4,2,6,7,0,7
creativity_0093,user,intro,intro,1,5,2,0,2,0,0,0
creativity_0093,user,basic_job_description,basic job description,2,38,2,2,4,11,0,11
creativity_0093,user,walkthrough,walkthrough,2,42,4,0,4,18,0,18
creativity_0093,user,project_example,project example,3,98,15,4,19,20,2,22
creativity_0093,user,dynamic,dynamic,4,101,15,5,20,18,0,18
creativity_0093,user,changed_aspects,changed aspects,1,23,4,2,6,5,0,5
creativity_0093,user,concerns,concerns,2,33,4,1,5,9,0,9
creativity_0093,user,future,future,0,0,0,0,0,0,0,0
creativity_0093,user,extra_comments,extra comments,2,89,16,7,23,10,0,10
creativity_0094,user,intro,intro,2,6,3,0,3,0,0,0
creativity_0094,user,basic_job_description,basic job description,5,58,7,5,12,12,0,12
creativity_0094,user,walkthrough,walkthrough,5,102,15,4,19,21,0,21
creativity_0094,user,project_example,project example,5,110,17,2,19,22,0,22
creativity_0094,user,dynamic,dynamic,3,96,12,7,19,19,0,19
creativity_0094,user,changed_aspects,changed aspects,3,42,5,1,6,5,0,5
creativity_0094,user,concerns,concerns,3,48,7,2,9,11,0,11
creativity_0094,user,future,future,1,61,8,6,14,13,0,13
creativity_0094,user,extra_comments,extra comments,1,7,1,1,2,0,0,0
creativity_0095,user,intro,intro,1,8,2,0,2,0,0,0
creativity_0095,user,basic_job_description,basic job description,11,235,32,7,39,37,0,37
creativity_0095,user,walkthrough,walkthrough,11,268,26,21,47,49,1,50
creativity_0095,user,project_example,project example,9,171,21,11,32,34,2,36
creativity_0095,user,dynamic,dynamic,4,117,12,14,26,22,1,23
creativity_0095,user,changed_aspects,changed aspects,3,86,12,5,17,13,2,15
creativity_0095,user,concerns,concerns,6,135,14,11,25,22,1,23
creativity_0095,user,future,future,6,134,18,12,30,14,0,14
creativity_0095,user,extra_comments,extra comments,1,2,0,0,0,0,0,0
creativity_0096,user,intro,intro,1,9,2,1,3,0,0,0
creativity_0096,user,basic_job_description,basic job description,6,148,17,10,27,32,0,32
creativity_0096,user,walkthrough,walkthrough,6,168,24,13,37,27,3,30
creativity_0096,user,project_example,project example,4,161,16,17,33,22,1,23
creativity_0096,user,dynamic,dynamic,12,251,37,24,61,39,3,42
creativity_0096,user,changed_aspects,changed aspects,3,97,15,7,22,14,1,15
creativity_0096,user,concerns,concerns,6,159,23,13,36,25,2,27
creativity_0096,user,future,future,3,85,12,15,27,6,1,7
creativity_0096,user,extra_comments,extra comments,3,18,3,2,5,1,0,1
creativity_0097,user,intro,intro,1,3,1,0,1,0,0,0
creativity_0097,user,basic_job_description,basic job description,2,55,4,3,7,21,0,21
creativity_0097,user,walkthrough,walkthrough,2,64,9,1,10,19,0,19
creativity_0097,user,project_example,project example,11,300,50,5,55,56,1,57
creativity_0097,user,dynamic,dynamic,4,107,16,6,22,22,1,23
creativity_0097,user,changed_aspects,changed aspects,3,114,20,12,32,14,0,14
creativity_0097,user,concerns,concerns,7,189,22,19,41,26,1,27
creativity_0097,user,future,future,5,154,15,8,23,39,0,39
creativity_0097,user,extra_comments,extra comments,1,106,12,8,20,16,1,17
creativity_0098,user,intro,intro,1,8,1,0,1,1,0,1
creativity_0098,user,basic_job_description,basic job description,5,151,18,13,31,21,0,21
creativity_0098,user,walkthrough,walkthrough,7,225,30,10,40,47,2,49
creativity_0098,user,project_example,project example,6,219,30,12,42,35,0,35
creativity_0098,user,dynamic,dynamic,4,199,25,14,39,27,2,29
creativity_0098,user,changed_aspects,changed aspects,5,120,14,7,21,19,2,21
creativity_0098,user,concerns,concerns,2,127,13,12,25,24,3,27
creativity_0098,user,future,future,5,146,21,11,32,26,2,28
creativity_0098,user,extra_comments,extra comments,1,19,5,0,5,1,0,1
creativity_0099,user,intro,intro,1,6,1,0,1,0,0,0
creativity_0099,user,basic_job_description,basic job description,7,105,16,7,23,22,0,22
creativity_0099,user,walkthrough,walkthrough,12,266,38,20,58,46,2,48
creativity_0099,user,project_example,project example,7,194,29,11,40,32,2,34
creativity_0099,user,dynamic,dynamic,2,21,4,2,6,2,1,3
creativity_0099,user,changed_aspects,changed aspects,3,58,9,2,11,11,0,11
creativity_0099,user,concerns,concerns,2,46,5,3,8,8,0,8
creativity_0099,user,future,future,3,90,12,5,17,17,0,17
creativity_0099,user,extra_comments,extra comments,1,4,1,0,1,1,0,1
creativity_0100,user,intro,intro,2,7,3,0,3,0,0,0
creativity_0100,user,basic_job_description,basic job description,3,55,4,4,8,12,0,12
creativity_0100,user,walkthrough,walkthrough,1,47,8,1,9,13,1,14
creativity_0100,user,project_example,project example,18,508,82,34,116,89,4,93
creativity_0100,user,dynamic,dynamic,3,74,12,0,12,14,0,14
creativity_0100,user,changed_aspects,changed aspects,4,116,12,9,21,23,1,24
creativity_0100,user,concerns,concerns,2,52,5,5,10,15,0,15
creativity_0100,user,future,future,5,154,17,9,26,38,3,41
creativity_0100,user,extra_comments,extra comments,2,11,2,1,3,0,0,0
creativity_0101,user,intro,intro,1,9,2,0,2,1,0,1
creativity_0101,user,basic_job_description,basic job description,3,94,12,1,13,25,0,25
creativity_0101,user,walkthrough,walkthrough,24,588,103,24,127,113,5,118
creativity_0101,user,project_example,project example,8,308,31,13,44,67,3,70
creativity_0101,user,dynamic,dynamic,8,263,39,11,50,39,2,41
creativity_0101,user,changed_aspects,changed aspects,7,230,28,20,48,40,0,40
creativity_0101,user,concerns,concerns,5,256,39,12,51,44,1,45
creativity_0101,user,future,future,11,254,41,20,61,40,2,42
creativity_0101,user,extra_comments,extra comments,1,1,0,0,0,0,0,0
creativity_0102,user,intro,intro,1,7,2,0,2,1,0,1
creativity_0102,user,basic_job_description,basic job description,10,341,53,18,71,55,0,55
creativity_0102,user,walkthrough,walkthrough,4,134,14,9,23,25,1,26
creativity_0102,user,project_example,project example,3,130,15,9,24,30,0,30
creativity_0102,user,dynamic,dynamic,5,171,17,15,32,26,1,27
creativity_0102,user,changed_aspects,changed aspects,3,123,16,7,23,17,1,18
creativity_0102,user,concerns,concerns,17,461,52,38,90,60,0,60
creativity_0102,user,future,future,11,355,45,24,69,57,4,61
creativity_0102,user,extra_comments,extra comments,1,4,1,0,1,0,0,0
creativity_0103,user,intro,intro,1,8,1,1,2,0,0,0
creativity_0103,user,basic_job_description,basic job description,4,75,11,4,15,29,0,29
creativity_0103,user,walkthrough,walkthrough,2,50,8,1,9,15,1,16
creativity_0103,user,project_example,project example,12,330,37,21,58,81,2,83
creativity_0103,user,dynamic,dynamic,5,112,19,7,26,28,1,29
creativity_0103,user,changed_aspects,changed aspects,4,120,18,7,25,26,1,27
creativity_0103,user,concerns,concerns,8,191,22,19,41,41,1,42
creativity_0103,user,future,future,4,139,24,12,36,18,2,20
creativity_0103,user,extra_comments,extra comments,1,16,2,0,2,3,0,3
creativity_0104,user,intro,intro,1,3,1,0,1,0,0,0
creativity_0104,user,basic_job_description,basic job description,10,182,18,8,26,41,1,42
creativity_0104,user,walkthrough,walkthrough,10,185,28,13,41,31,0,31
creativity_0104,user,project_example,project example,3,50,10,2,12,5,0,5
creativity_0104,user,dynamic,dynamic,17,356,46,35,81,63,1,64
creativity_0104,user,changed_aspects,changed aspects,0,0,0,0,0,0,0,0
creativity_0104,user,concerns,concerns,13,190,23,25,48,32,3,35
creativity_0104,user,future,future,9,195,27,17,44,30,1,31
creativity_0104,user,extra_comments,extra comments,1,5,1,0,1,0,0,0
creativity_0105,user,intro,intro,1,5,1,0,1,0,0,0
creativity_0105,user,basic_job_description,basic job description,1,48,5,1,6,17,0,17
creativity_0105,user,walkthrough,walkthrough,2,100,14,10,24,17,2,19
creativity_0105,user,project_example,project example,3,113,17,6,23,19,0,19
creativity_0105,user,dynamic,dynamic,1,32,7,2,9,3,0,3
creativity_0105,user,changed_aspects,changed aspects,2,60,7,5,12,9,0,9
creativity_0105,user,concerns,concerns,2,39,4,0,4,10,1,11
creativity_0105,user,future,future,5,96,10,7,17,17,0,17
creativity_0105,user,extra_comments,extra comments,1,8,0,1,1,1,0,1
creativity_0106,user,intro,intro,2,9,3,0,3,0,0,0
creativity_0106,user,basic_job_description,basic job description,5,94,10,8,18,17,0,17
creativity_0106,user,walkthrough,walkthrough,1,65,5,9,14,13,0,13
creativity_0106,user,project_example,project example,7,159,25,9,34,26,1,27
creativity_0106,user,dynamic,dynamic,3,104,17,6,23,17,0,17
creativity_0106,user,changed_aspects,changed aspects,4,93,10,13,23,15,0,15
creativity_0106,user,concerns,concerns,6,154,19,19,38,25,1,26
creativity_0106,user,future,future,4,112,19,7,26,10,0,10
creativity_0106,user,extra_comments,extra comments,7,174,25,12,37,24,1,25
creativity_0107,user,intro,intro,1,6,1,0,1,0,0,0
creativity_0107,user,basic_job_description,basic job description,3,52,4,5,9,9,0,9
creativity_0107,user,walkthrough,walkthrough,4,95,18,5,23,19,0,19
creativity_0107,user,project_example,project example,4,132,18,5,23,23,1,24
creativity_0107,user,dynamic,dynamic,1,49,7,3,10,10,0,10
creativity_0107,user,changed_aspects,changed aspects,4,88,15,5,20,15,1,16
creativity_0107,user,concerns,concerns,4,62,4,5,9,9,0,9
creativity_0107,user,future,future,2,60,11,4,15,13,1,14
creativity_0107,user,extra_comments,extra comments,1,8,1,1,2,0,0,0
creativity_0108,user,intro,intro,1,4,1,0,1,0,0,0
creativity_0108,user,basic_job_description,basic job description,1,18,2,1,3,3,0,3
creativity_0108,user,walkthrough,walkthrough,2,72,13,2,15,13,1,14
creativity_0108,user,project_example,project example,4,108,19,6,25,15,0,15
creativity_0108,user,dynamic,dynamic,2,62,6,5,11,12,0,12
creativity_0108,user,changed_aspects,changed aspects,3,89,13,8,21,13,0,13
creativity_0108,user,concerns,concerns,3,84,10,9,19,14,1,15
creativity_0108,user,future,future,2,55,12,3,15,6,0,6
creativity_0108,user,extra_comments,extra comments,1,12,2,0,2,2,0,2
creativity_0109,user,intro,intro,1,10,2,1,3,1,0,1
creativity_0109,user,basic_job_description,basic job description,5,59,9,3,12,13,0,13
creativity_0109,user,walkthrough,walkthrough,8,192,27,7,34,46,4,50
creativity_0109,user,project_example,project example,5,176,22,5,27,42,2,44
creativity_0109,user,dynamic,dynamic,3,115,17,9,26,14,1,15
creativity_0109,user,changed_aspects,changed aspects,5,167,22,12,34,27,0,27
creativity_0109,user,concerns,concerns,4,116,13,7,20,20,2,22
creativity_0109,user,future,future,2,107,16,9,25,14,1,15
creativity_0109,user,extra_comments,extra comments,1,8,2,1,3,0,0,0
creativity_0110,user,intro,intro,1,5,2,0,2,0,0,0
creativity_0110,user,basic_job_description,basic job description,3,76,12,2,14,22,1,23
creativity_0110,user,walkthrough,walkthrough,7,216,30,12,42,36,2,38
creativity_0110,user,project_example,project example,5,109,14,2,16,27,0,27
creativity_0110,user,dynamic,dynamic,3,54,9,4,13,7,1,8
creativity_0110,user,changed_aspects,changed aspects,4,120,23,7,30,14,0,14
creativity_0110,user,concerns,concerns,4,102,15,4,19,18,2,20
creativity_0110,user,future,future,2,46,9,3,12,7,1,8
creativity_0110,user,extra_comments,extra comments,2,9,0,1,1,2,0,2
creativity_0111,user,intro,intro,2,11,1,1,2,1,0,1
creativity_0111,user,basic_job_description,basic job description,3,72,7,0,7,25,0,25
creativity_0111,user,walkthrough,walkthrough,5,137,16,6,22,27,2,29
creativity_0111,user,project_example,project example,6,149,22,9,31,32,0,32
creativity_0111,user,dynamic,dynamic,7,117,15,4,19,19,1,20
creativity_0111,user,changed_aspects,changed aspects,3,61,13,3,16,7,0,7
creativity_0111,user,concerns,concerns,8,138,20,12,32,21,2,23
creativity_0111,user,future,future,4,74,11,3,14,13,1,14
creativity_0111,user,extra_comments,extra comments,4,59,8,3,11,12,1,13
creativity_0112,user,intro,intro,1,4,2,0,2,0,0,0
creativity_0112,user,basic_job_description,basic job description,6,119,12,6,18,35,0,35
creativity_0112,user,walkthrough,walkthrough,4,73,7,3,10,21,0,21
creativity_0112,user,project_example,project example,7,155,18,9,27,31,3,34
creativity_0112,user,dynamic,dynamic,4,143,23,8,31,17,1,18
creativity_0112,user,changed_aspects,changed aspects,4,81,10,5,15,14,0,14
creativity_0112,user,concerns,concerns,7,174,29,14,43,36,2,38
creativity_0112,user,future,future,5,112,17,7,24,21,2,23
creativity_0112,user,extra_comments,extra comments,1,2,0,0,0,0,0,0
creativity_0113,user,intro,intro,2,6,1,0,1,1,0,1
creativity_0113,user,basic_job_description,basic job description,17,266,30,9,39,65,4,69
creativity_0113,user,walkthrough,walkthrough,10,185,27,11,38,37,3,40
creativity_0113,user,project_example,project example,5,95,10,8,18,18,1,19
creativity_0113,user,dynamic,dynamic,5,126,12,10,22,21,2,23
creativity_0113,user,changed_aspects,changed aspects,10,150,19,11,30,31,2,33
creativity_0113,user,concerns,concerns,11,211,23,20,43,31,1,32
creativity_0113,user,future,future,9,158,22,7,29,34,1,35
creativity_0113,user,extra_comments,extra comments,2,32,2,2,4,7,0,7
creativity_0114,user,intro,intro,2,6,2,0,2,1,0,1
creativity_0114,user,basic_job_description,basic job description,3,38,4,1,5,15,0,15
creativity_0114,user,walkthrough,walkthrough,4,68,14,1,15,16,0,16
creativity_0114,user,project_example,project example,5,107,13,3,16,22,0,22
creativity_0114,user,dynamic,dynamic,3,40,4,2,6,6,0,6
creativity_0114,user,changed_aspects,changed aspects,2,22,2,1,3,4,0,4
creativity_0114,user,concerns,concerns,3,50,6,4,10,9,0,9
creativity_0114,user,future,future,3,23,5,2,7,3,1,4
creativity_0114,user,extra_comments,extra comments,3,8,0,1,1,1,0,1
creativity_0115,user,intro,intro,2,6,2,0,2,0,0,0
creativity_0115,user,basic_job_description,basic job description,4,99,11,2,13,25,0,25
creativity_0115,user,walkthrough,walkthrough,4,161,23,10,33,30,0,30
creativity_0115,user,project_example,project example,11,240,35,20,55,44,0,44
creativity_0115,user,dynamic,dynamic,6,171,21,10,31,33,5,38
creativity_0115,user,changed_aspects,changed aspects,8,225,28,17,45,44,1,45
creativity_0115,user,concerns,concerns,9,207,29,15,44,41,3,44
creativity_0115,user,future,future,4,182,18,15,33,41,0,41
creativity_0115,user,extra_comments,extra comments,3,108,15,8,23,11,1,12
creativity_0116,user,intro,intro,2,6,1,0,1,1,0,1
creativity_0116,user,basic_job_description,basic job description,4,97,14,9,23,18,0,18
creativity_0116,user,walkthrough,walkthrough,5,145,20,11,31,34,6,40
creativity_0116,user,project_example,project example,6,161,13,10,23,31,4,35
creativity_0116,user,dynamic,dynamic,4,110,17,9,26,18,0,18
creativity_0116,user,changed_aspects,changed aspects,4,80,10,9,19,16,3,19
creativity_0116,user,concerns,concerns,4,131,13,6,19,33,2,35
creativity_0116,user,future,future,4,112,13,11,24,22,2,24
creativity_0116,user,extra_comments,extra comments,1,14,3,1,4,0,0,0
creativity_0117,user,intro,intro,1,5,2,0,2,0,0,0
creativity_0117,user,basic_job_description,basic job description,4,57,7,4,11,8,4,12
creativity_0117,user,walkthrough,walkthrough,12,193,33,9,42,42,4,46
creativity_0117,user,project_example,project example,2,35,6,0,6,6,0,6
creativity_0117,user,dynamic,dynamic,12,202,21,13,34,26,1,27
creativity_0117,user,changed_aspects,changed aspects,0,0,0,0,0,0,0,0
creativity_0117,user,concerns,concerns,0,0,0,0,0,0,0,0
creativity_0117,user,future,future,4,74,10,5,15,13,1,14
creativity_0117,user,extra_comments,extra comments,1,4,1,0,1,0,0,0
creativity_0118,user,intro,intro,1,2,0,0,0,0,0,0
creativity_0118,user,basic_job_description,basic job description,8,174,29,7,36,32,4,36
creativity_0118,user,walkthrough,walkthrough,6,127,19,5,24,24,0,24
creativity_0118,user,project_example,project example,5,98,18,3,21,21,1,22
creativity_0118,user,dynamic,dynamic,5,101,10,8,18,14,1,15
creativity_0118,user,changed_aspects,changed aspects,3,39,7,0,7,6,1,7
creativity_0118,user,concerns,concerns,4,32,5,2,7,2,0,2
creativity_0118,user,future,future,4,94,17,4,21,14,0,14
creativity_0118,user,extra_comments,extra comments,1,2,0,0,0,0,0,0
creativity_0119,user,intro,intro,1,5,2,0,2,0,0,0
creativity_0119,user,basic_job_description,basic job description,3,53,8,1,9,13,0,13
creativity_0119,user,walkthrough,walkthrough,9,220,22,16,38,39,5,44
creativity_0119,user,project_example,project example,3,66,10,4,14,14,0,14
creativity_0119,user,dynamic,dynamic,3,47,5,3,8,7,0,7
creativity_0119,user,changed_aspects,changed aspects,3,56,7,4,11,11,2,13
creativity_0119,user,concerns,concerns,8,242,31,13,44,36,1,37
creativity_0119,user,future,future,5,148,22,9,31,26,0,26
creativity_0119,user,extra_comments,extra comments,4,60,6,5,11,10,2,12
creativity_0120,user,intro,intro,1,7,2,0,2,1,0,1
creativity_0120,user,basic_job_description,basic job description,2,51,7,2,9,11,0,11
creativity_0120,user,walkthrough,walkthrough,2,54,10,2,12,10,0,10
creativity_0120,user,project_example,project example,3,74,8,4,12,13,1,14
creativity_0120,user,dynamic,dynamic,3,53,6,1,7,10,0,10
creativity_0120,user,changed_aspects,changed aspects,5,99,17,9,26,15,2,17
creativity_0120,user,concerns,concerns,2,53,8,5,13,5,0,5
creativity_0120,user,future,future,4,133,19,11,30,20,1,21
creativity_0120,user,extra_comments,extra comments,1,8,1,1,2,0,0,0
creativity_0121,user,intro,intro,2,10,2,1,3,0,0,0
creativity_0121,user,basic_job_description,basic job description,12,229,36,18,54,32,0,32
creativity_0121,user,walkthrough,walkthrough,16,333,55,23,78,48,1,49
creativity_0121,user,project_example,project example,5,94,16,8,24,11,0,11
creativity_0121,user,dynamic,dynamic,6,136,20,10,30,21,1,22
creativity_0121,user,changed_aspects,changed aspects,5,59,12,5,17,8,0,8
creativity_0121,user,concerns,concerns,9,188,24,13,37,33,3,36
creativity_0121,user,future,future,8,181,32,9,41,33,2,35
creativity_0121,user,extra_comments,extra comments,6,149,19,12,31,25,0,25
creativity_0122,user,intro,intro,2,14,2,1,3,2,0,2
creativity_0122,user,basic_job_description,basic job description,7,97,9,6,15,26,0,26
creativity_0122,user,walkthrough,walkthrough,5,117,17,8,25,18,0,18
creativity_0122,user,project_example,project example,6,153,17,9,26,30,1,31
creativity_0122,user,dynamic,dynamic,4,84,14,5,19,11,0,11
creativity_0122,user,changed_aspects,changed aspects,4,115,19,10,29,12,1,13
creativity_0122,user,concerns,concerns,6,137,20,13,33,22,1,23
creativity_0122,user,future,future,4,81,16,5,21,12,0,12
creativity_0122,user,extra_comments,extra comments,1,10,1,1,2,0,0,0
creativity_0123,user,intro,intro,2,10,2,1,3,1,0,1
creativity_0123,user,basic_job_description,basic job description,8,112,11,4,15,31,7,38
creativity_0123,user,walkthrough,walkthrough,11,229,26,16,42,46,2,48
creativity_0123,user,project_example,project example,20,255,33,18,51,50,3,53
creativity_0123,user,dynamic,dynamic,11,199,22,16,38,30,9,39
creativity_0123,user,changed_aspects,changed aspects,7,89,16,6,22,11,1,12
creativity_0123,user,concerns,concerns,12,226,31,22,53,38,0,38
creativity_0123,user,future,future,6,119,15,11,26,21,0,21
creativity_0123,user,extra_comments,extra comments,4,56,6,6,12,10,1,11
creativity_0124,user,intro,intro,4,49,6,5,11,7,0,7
creativity_0124,user,basic_job_description,basic job description,8,112,12,4,16,23,0,23
creativity_0124,user,walkthrough,walkthrough,3,142,16,3,19,38,0,38
creativity_0124,user,project_example,project example,5,140,19,5,24,26,0,26
creativity_0124,user,dynamic,dynamic,2,73,11,2,13,16,1,17
creativity_0124,user,changed_aspects,changed aspects,4,119,20,4,24,21,2,23
creativity_0124,user,concerns,concerns,3,70,9,4,13,13,1,14
creativity_0124,user,future,future,2,59,10,2,12,9,1,10
creativity_0124,user,extra_comments,extra comments,5,125,11,10,21,22,2,24
