lemma,upos,doc_count,total_count,mean_count,max_count,category,notes
AI,NOUN+PROPN,625,1474,2.3584,12,,
time,NOUN+PROPN,263,352,1.338403041825095,5,,
idea,NOUN+PROPN,251,440,1.752988047808765,10,,
work,NOUN+PROPN,232,324,1.396551724137931,5,,
thing,NOUN+PROPN,204,264,1.2941176470588236,6,,
project,NOUN+PROPN,191,248,1.2984293193717278,4,,
person,NOUN+PROPN,167,244,1.4610778443113772,6,,
process,NOUN+PROPN,161,201,1.2484472049689441,4,,
lot,NOUN+PROPN,155,188,1.2129032258064516,5,,
writing,NOUN+PROPN,152,237,1.5592105263157894,8,,
way,NOUN+PROPN,147,171,1.163265306122449,4,,
image,NOUN+PROPN,144,263,1.8263888888888888,10,,
tool,NOUN+PROPN,140,194,1.3857142857142857,4,,
model,NOUN+PROPN,128,216,1.6875,8,,
example,NOUN+PROPN,110,136,1.2363636363636363,3,,
question,NOUN+PROPN,105,110,1.0476190476190477,2,,
research,NOUN+PROPN,93,129,1.3870967741935485,7,,
content,NOUN+PROPN,92,128,1.391304347826087,4,,
story,NOUN+PROPN,88,141,1.6022727272727273,11,,
art,NOUN+PROPN,88,130,1.4772727272727273,4,,
design,NOUN+PROPN,85,145,1.7058823529411764,7,,
part,NOUN+PROPN,84,92,1.0952380952380953,2,,
character,NOUN+PROPN,82,146,1.7804878048780488,7,,
etc.,NOUN+PROPN,81,86,1.0617283950617284,2,,
video,NOUN+PROPN,80,134,1.675,8,,
decision,NOUN+PROPN,75,80,1.0666666666666667,3,,
writer,NOUN+PROPN,74,101,1.364864864864865,3,,
book,NOUN+PROPN,73,125,1.7123287671232876,10,,
editing,NOUN+PROPN,73,91,1.2465753424657535,2,,
job,NOUN+PROPN,72,89,1.2361111111111112,4,,
artist,NOUN+PROPN,70,89,1.2714285714285714,4,,
client,NOUN+PROPN,69,100,1.4492753623188406,4,,
information,NOUN+PROPN,62,79,1.2741935483870968,3,,
bit,NOUN+PROPN,62,70,1.1290322580645162,2,,
one,NOUN+PROPN,61,69,1.1311475409836065,3,,
year,NOUN+PROPN,61,69,1.1311475409836065,3,,
point,NOUN+PROPN,58,72,1.2413793103448276,4,,
task,NOUN+PROPN,56,69,1.2321428571428572,3,,
concern,NOUN+PROPN,56,67,1.1964285714285714,3,,
media,NOUN+PROPN,56,65,1.1607142857142858,3,,
aspect,NOUN+PROPN,56,60,1.0714285714285714,2,,
style,NOUN+PROPN,55,80,1.4545454545454546,7,,
word,NOUN+PROPN,53,67,1.2641509433962264,3,,
novel,NOUN+PROPN,52,72,1.3846153846153846,3,,
day,NOUN+PROPN,52,69,1.3269230769230769,5,,
piece,NOUN+PROPN,50,60,1.2,4,,
brainstorming,NOUN+PROPN,50,53,1.06,2,,
prompt,NOUN+PROPN,49,55,1.1224489795918366,3,,
use,NOUN+PROPN,48,58,1.2083333333333333,3,,
world,NOUN+PROPN,48,57,1.1875,3,,
scene,NOUN+PROPN,47,71,1.5106382978723405,6,,
business,NOUN+PROPN,47,66,1.4042553191489362,6,,
detail,NOUN+PROPN,47,52,1.1063829787234043,2,,
concept,NOUN+PROPN,46,57,1.2391304347826086,6,,
level,NOUN+PROPN,46,54,1.173913043478261,4,,
product,NOUN+PROPN,45,61,1.3555555555555556,6,,
help,NOUN+PROPN,45,51,1.1333333333333333,3,,
creativity,NOUN+PROPN,44,49,1.1136363636363635,3,,
suggestion,NOUN+PROPN,43,64,1.4883720930232558,5,,
conversation,NOUN+PROPN,43,56,1.302325581395349,6,,
field,NOUN+PROPN,43,50,1.1627906976744187,3,,
music,NOUN+PROPN,41,65,1.5853658536585367,4,,
topic,NOUN+PROPN,41,51,1.2439024390243902,2,,
page,NOUN+PROPN,40,49,1.225,3,,
kind,NOUN+PROPN,40,48,1.2,3,,
sense,NOUN+PROPN,40,46,1.15,2,,
end,NOUN+PROPN,40,44,1.1,2,,
script,NOUN+PROPN,39,57,1.4615384615384615,4,,
result,NOUN+PROPN,39,48,1.2307692307692308,5,,
text,NOUN+PROPN,39,47,1.205128205128205,2,,
inspiration,NOUN+PROPN,39,45,1.1538461538461537,3,,
quality,NOUN+PROPN,39,43,1.1025641025641026,2,,
voice,NOUN+PROPN,38,57,1.5,7,,
element,NOUN+PROPN,38,50,1.3157894736842106,4,,
assistant,NOUN+PROPN,38,45,1.1842105263157894,3,,
area,NOUN+PROPN,38,44,1.1578947368421053,3,,
author,NOUN+PROPN,36,45,1.25,4,,
amount,NOUN+PROPN,36,39,1.0833333333333333,2,,
name,NOUN+PROPN,35,56,1.6,5,,
human,NOUN+PROPN,35,44,1.2571428571428571,2,,
place,NOUN+PROPN,35,38,1.0857142857142856,3,,
direction,NOUN+PROPN,35,37,1.0571428571428572,2,,
game,NOUN+PROPN,34,58,1.7058823529411764,4,,
feedback,NOUN+PROPN,34,53,1.5588235294117647,4,,
theme,NOUN+PROPN,34,42,1.2352941176470589,4,,
skill,NOUN+PROPN,34,41,1.2058823529411764,3,,
type,NOUN+PROPN,34,40,1.1764705882352942,2,,
control,NOUN+PROPN,34,34,1.0,1,,
website,NOUN+PROPN,33,42,1.2727272727272727,3,,
plot,NOUN+PROPN,33,41,1.2424242424242424,3,,
line,NOUN+PROPN,33,38,1.1515151515151516,4,,
film,NOUN+PROPN,32,46,1.4375,4,,
stage,NOUN+PROPN,32,42,1.3125,5,,
generation,NOUN+PROPN,32,41,1.28125,3,,
week,NOUN+PROPN,32,38,1.1875,4,,
creation,NOUN+PROPN,32,37,1.15625,3,,
case,NOUN+PROPN,32,35,1.09375,2,,
couple,NOUN+PROPN,32,34,1.0625,2,,
mind,NOUN+PROPN,32,33,1.03125,2,,
company,NOUN+PROPN,31,42,1.3548387096774193,3,,
post,NOUN+PROPN,31,39,1.2580645161290323,3,,
hand,NOUN+PROPN,31,38,1.2258064516129032,3,,
hour,NOUN+PROPN,31,38,1.2258064516129032,3,,
term,NOUN+PROPN,31,35,1.1290322580645162,3,,
color,NOUN+PROPN,30,42,1.4,6,,
list,NOUN+PROPN,30,38,1.2666666666666666,3,,
blog,NOUN+PROPN,30,34,1.1333333333333333,2,,
photo,NOUN+PROPN,29,43,1.4827586206896552,5,,
experience,NOUN+PROPN,29,32,1.103448275862069,2,,
stuff,NOUN+PROPN,29,32,1.103448275862069,3,,
life,NOUN+PROPN,29,31,1.0689655172413792,2,,
material,NOUN+PROPN,28,38,1.3571428571428572,3,,
copy,NOUN+PROPN,28,35,1.25,4,,
response,NOUN+PROPN,28,33,1.1785714285714286,3,,
production,NOUN+PROPN,28,32,1.1428571428571428,3,,
sound,NOUN+PROPN,28,32,1.1428571428571428,2,,
marketing,NOUN+PROPN,27,31,1.1481481481481481,2,,
sort,NOUN+PROPN,27,31,1.1481481481481481,3,,
role,NOUN+PROPN,27,30,1.1111111111111112,2,,
partner,NOUN+PROPN,27,28,1.037037037037037,2,,
article,NOUN+PROPN,26,50,1.9230769230769231,9,,
draft,NOUN+PROPN,26,40,1.5384615384615385,6,,
series,NOUN+PROPN,26,36,1.3846153846153846,4,,
llm,NOUN+PROPN,26,33,1.2692307692307692,3,,
background,NOUN+PROPN,25,34,1.36,4,,
designer,NOUN+PROPN,25,34,1.36,4,,
ability,NOUN+PROPN,25,29,1.16,4,,
market,NOUN+PROPN,25,27,1.08,2,,
output,NOUN+PROPN,25,27,1.08,2,,
moment,NOUN+PROPN,25,26,1.04,2,,
past,NOUN+PROPN,25,26,1.04,2,,
show,NOUN+PROPN,24,32,1.3333333333333333,3,,
email,NOUN+PROPN,24,30,1.25,3,,
collaboration,NOUN+PROPN,24,29,1.2083333333333333,2,,
perspective,NOUN+PROPN,24,26,1.0833333333333333,2,,
form,NOUN+PROPN,24,25,1.0416666666666667,2,,
change,NOUN+PROPN,24,24,1.0,1,,
asset,NOUN+PROPN,23,45,1.9565217391304348,6,,
step,NOUN+PROPN,23,29,1.2608695652173914,3,,
thought,NOUN+PROPN,23,27,1.173913043478261,2,,
tone,NOUN+PROPN,23,27,1.173913043478261,3,,
feature,NOUN+PROPN,23,26,1.1304347826086956,2,,
fact,NOUN+PROPN,23,25,1.0869565217391304,2,,
side,NOUN+PROPN,23,25,1.0869565217391304,2,,
outline,NOUN+PROPN,22,32,1.4545454545454546,5,,
cover,NOUN+PROPN,22,28,1.2727272727272727,3,,
description,NOUN+PROPN,22,27,1.2272727272727273,3,,
reader,NOUN+PROPN,22,27,1.2272727272727273,2,,
edit,NOUN+PROPN,22,26,1.1818181818181819,3,,
track,NOUN+PROPN,22,26,1.1818181818181819,2,,
future,NOUN+PROPN,22,23,1.0454545454545454,2,,
option,NOUN+PROPN,22,23,1.0454545454545454,2,,
planning,NOUN+PROPN,22,23,1.0454545454545454,2,,
space,NOUN+PROPN,22,22,1.0,1,,
thanks,NOUN+PROPN,22,22,1.0,1,,
song,NOUN+PROPN,21,30,1.4285714285714286,3,,
audio,NOUN+PROPN,21,29,1.380952380952381,3,,
money,NOUN+PROPN,21,27,1.2857142857142858,2,,
fiction,NOUN+PROPN,21,25,1.1904761904761905,3,,
ChatGPT,NOUN+PROPN,21,24,1.1428571428571428,2,,
answer,NOUN+PROPN,21,23,1.0952380952380953,2,,
reference,NOUN+PROPN,21,23,1.0952380952380953,2,,
effect,NOUN+PROPN,21,22,1.0476190476190477,2,,
issue,NOUN+PROPN,21,22,1.0476190476190477,2,,
course,NOUN+PROPN,21,21,1.0,1,,
picture,NOUN+PROPN,20,26,1.3,3,,
self,NOUN+PROPN,20,22,1.1,2,,
flow,NOUN+PROPN,20,21,1.05,2,,
event,NOUN+PROPN,19,31,1.631578947368421,4,,
eye,NOUN+PROPN,19,26,1.368421052631579,7,,
software,NOUN+PROPN,19,25,1.3157894736842106,4,,
system,NOUN+PROPN,19,25,1.3157894736842106,3,,
web,NOUN+PROPN,19,23,1.2105263157894737,2,,
number,NOUN+PROPN,19,22,1.1578947368421053,2,,
need,NOUN+PROPN,19,21,1.105263157894737,2,,
search,NOUN+PROPN,19,21,1.105263157894737,2,,
source,NOUN+PROPN,19,21,1.105263157894737,2,,
service,NOUN+PROPN,18,25,1.3888888888888888,7,,
chat,NOUN+PROPN,18,22,1.2222222222222223,3,,
board,NOUN+PROPN,18,21,1.1666666666666667,3,,
purpose,NOUN+PROPN,18,21,1.1666666666666667,4,,
graphic,NOUN+PROPN,18,20,1.1111111111111112,2,,
month,NOUN+PROPN,18,20,1.1111111111111112,2,,
subject,NOUN+PROPN,18,20,1.1111111111111112,2,,
note,NOUN+PROPN,17,26,1.5294117647058822,3,,
effort,NOUN+PROPN,17,20,1.1764705882352942,2,,
set,NOUN+PROPN,17,20,1.1764705882352942,2,,
Google,NOUN+PROPN,17,19,1.1176470588235294,2,,
version,NOUN+PROPN,17,19,1.1176470588235294,2,,
order,NOUN+PROPN,17,18,1.0588235294117647,2,,
thinking,NOUN+PROPN,17,18,1.0588235294117647,2,,
admin,NOUN+PROPN,17,17,1.0,1,,
knowledge,NOUN+PROPN,17,17,1.0,1,,
situation,NOUN+PROPN,17,17,1.0,1,,
development,NOUN+PROPN,16,22,1.375,4,,
gap,NOUN+PROPN,16,19,1.1875,3,,
problem,NOUN+PROPN,16,19,1.1875,3,,
creative,NOUN+PROPN,16,18,1.125,2,,
datum,NOUN+PROPN,16,18,1.125,3,,
industry,NOUN+PROPN,16,18,1.125,2,,
head,NOUN+PROPN,16,17,1.0625,2,,
proofreading,NOUN+PROPN,16,16,1.0,1,,
photography,NOUN+PROPN,15,19,1.2666666666666666,2,,
workflow,NOUN+PROPN,15,19,1.2666666666666666,2,,
Photoshop,NOUN+PROPN,15,16,1.0666666666666667,2,,
depth,NOUN+PROPN,15,16,1.0666666666666667,2,,
scratch,NOUN+PROPN,15,16,1.0666666666666667,2,,
choice,NOUN+PROPN,15,15,1.0,1,,
reason,NOUN+PROPN,15,15,1.0,1,,
episode,NOUN+PROPN,14,22,1.5714285714285714,4,,
setting,NOUN+PROPN,14,21,1.5,4,,
history,NOUN+PROPN,14,20,1.4285714285714286,4,,
approach,NOUN+PROPN,14,19,1.3571428571428572,3,,
item,NOUN+PROPN,14,19,1.3571428571428572,4,,
editor,NOUN+PROPN,14,18,1.2857142857142858,2,,
section,NOUN+PROPN,14,18,1.2857142857142858,2,,
title,NOUN+PROPN,14,18,1.2857142857142858,4,,
brain,NOUN+PROPN,14,17,1.2142857142857142,2,,
goal,NOUN+PROPN,14,17,1.2142857142857142,3,,
child,NOUN+PROPN,14,16,1.1428571428571428,2,,
customer,NOUN+PROPN,14,16,1.1428571428571428,2,,
grammar,NOUN+PROPN,14,16,1.1428571428571428,2,,
instruction,NOUN+PROPN,14,16,1.1428571428571428,2,,
layout,NOUN+PROPN,14,16,1.1428571428571428,3,,
training,NOUN+PROPN,14,16,1.1428571428571428,2,,
campaign,NOUN+PROPN,14,15,1.0714285714285714,2,,
minute,NOUN+PROPN,14,15,1.0714285714285714,2,,
vision,NOUN+PROPN,14,15,1.0714285714285714,2,,
block,NOUN+PROPN,14,14,1.0,1,,
capability,NOUN+PROPN,14,14,1.0,1,,
fun,NOUN+PROPN,14,14,1.0,1,,
whole,NOUN+PROPN,14,14,1.0,1,,
player,NOUN+PROPN,13,21,1.6153846153846154,3,,
artwork,NOUN+PROPN,13,20,1.5384615384615385,6,,
clip,NOUN+PROPN,13,18,1.3846153846153846,3,,
structure,NOUN+PROPN,13,18,1.3846153846153846,4,,
logo,NOUN+PROPN,13,17,1.3076923076923077,5,,
pattern,NOUN+PROPN,13,17,1.3076923076923077,3,,
team,NOUN+PROPN,13,17,1.3076923076923077,3,,
impact,NOUN+PROPN,13,16,1.2307692307692308,2,,
input,NOUN+PROPN,13,16,1.2307692307692308,2,,
painting,NOUN+PROPN,13,16,1.2307692307692308,3,,
phase,NOUN+PROPN,13,16,1.2307692307692308,2,,
TV,NOUN+PROPN,13,15,1.1538461538461537,2,,
genre,NOUN+PROPN,13,15,1.1538461538461537,2,,
publishing,NOUN+PROPN,13,15,1.1538461538461537,2,,
angle,NOUN+PROPN,13,14,1.0769230769230769,2,,
feeling,NOUN+PROPN,13,14,1.0769230769230769,2,,
paper,NOUN+PROPN,13,14,1.0769230769230769,2,,
presentation,NOUN+PROPN,13,14,1.0769230769230769,2,,
D,NOUN+PROPN,12,18,1.5,3,,
palette,NOUN+PROPN,12,18,1.5,6,,
illustration,NOUN+PROPN,12,17,1.4166666666666667,4,,
file,NOUN+PROPN,12,16,1.3333333333333333,3,,
sentence,NOUN+PROPN,12,16,1.3333333333333333,3,,
passage,NOUN+PROPN,12,15,1.25,2,,
user,NOUN+PROPN,12,15,1.25,2,,
actor,NOUN+PROPN,12,14,1.1666666666666667,3,,
context,NOUN+PROPN,12,14,1.1666666666666667,2,,
mistake,NOUN+PROPN,12,14,1.1666666666666667,2,,
advice,NOUN+PROPN,12,13,1.0833333333333333,2,,
chatbot,NOUN+PROPN,12,13,1.0833333333333333,2,,
confidence,NOUN+PROPN,12,13,1.0833333333333333,2,,
matter,NOUN+PROPN,12,13,1.0833333333333333,2,,
technology,NOUN+PROPN,12,13,1.0833333333333333,2,,
understanding,NOUN+PROPN,12,13,1.0833333333333333,2,,
instance,NOUN+PROPN,12,12,1.0,1,,
opportunity,NOUN+PROPN,12,12,1.0,1,,
other,NOUN+PROPN,12,12,1.0,1,,
reality,NOUN+PROPN,12,12,1.0,1,,
room,NOUN+PROPN,12,12,1.0,1,,
standard,NOUN+PROPN,12,12,1.0,1,,
technique,NOUN+PROPN,12,12,1.0,1,,
machine,NOUN+PROPN,11,17,1.5454545454545454,5,,
object,NOUN+PROPN,11,16,1.4545454545454546,3,,
fantasy,NOUN+PROPN,11,15,1.3636363636363635,3,,
brand,NOUN+PROPN,11,14,1.2727272727272727,2,,
creator,NOUN+PROPN,11,14,1.2727272727272727,3,,
info,NOUN+PROPN,11,14,1.2727272727272727,3,,
check,NOUN+PROPN,11,13,1.1818181818181819,3,,
potential,NOUN+PROPN,11,13,1.1818181818181819,2,,
program,NOUN+PROPN,11,13,1.1818181818181819,3,,
internet,NOUN+PROPN,11,12,1.0909090909090908,2,,
platform,NOUN+PROPN,11,12,1.0909090909090908,2,,
benefit,NOUN+PROPN,11,11,1.0,1,,
computer,NOUN+PROPN,11,11,1.0,1,,
document,NOUN+PROPN,11,11,1.0,1,,
possibility,NOUN+PROPN,11,11,1.0,1,,
sale,NOUN+PROPN,11,11,1.0,1,,
session,NOUN+PROPN,11,11,1.0,1,,
value,NOUN+PROPN,11,11,1.0,1,,
Gemini,NOUN+PROPN,10,18,1.8,3,,
3d,NOUN+PROPN,10,15,1.5,3,,
pitch,NOUN+PROPN,10,15,1.5,4,,
lyric,NOUN+PROPN,10,14,1.4,3,,
class,NOUN+PROPN,10,13,1.3,3,,
performance,NOUN+PROPN,10,12,1.2,2,,
personality,NOUN+PROPN,10,12,1.2,2,,
practice,NOUN+PROPN,10,12,1.2,3,,
body,NOUN+PROPN,10,11,1.1,2,,
copywriting,NOUN+PROPN,10,11,1.1,2,,
energy,NOUN+PROPN,10,11,1.1,2,,
error,NOUN+PROPN,10,11,1.1,2,,
letter,NOUN+PROPN,10,11,1.1,2,,
photoshop,NOUN+PROPN,10,11,1.1,2,,
podcast,NOUN+PROPN,10,11,1.1,2,,
seo,NOUN+PROPN,10,11,1.1,2,,
building,NOUN+PROPN,10,10,1.0,1,,
camera,NOUN+PROPN,10,10,1.0,1,,
heart,NOUN+PROPN,10,10,1.0,1,,
humanity,NOUN+PROPN,10,10,1.0,1,,
majority,NOUN+PROPN,10,10,1.0,1,,
nature,NOUN+PROPN,10,10,1.0,1,,
refinement,NOUN+PROPN,10,10,1.0,1,,
start,NOUN+PROPN,10,10,1.0,1,,
trouble,NOUN+PROPN,10,10,1.0,1,,
wall,NOUN+PROPN,10,10,1.0,1,,
movie,NOUN+PROPN,9,17,1.8888888888888888,5,,
statement,NOUN+PROPN,9,14,1.5555555555555556,5,,
home,NOUN+PROPN,9,13,1.4444444444444444,3,,
learning,NOUN+PROPN,9,13,1.4444444444444444,2,,
screenplay,NOUN+PROPN,9,12,1.3333333333333333,3,,
support,NOUN+PROPN,9,11,1.2222222222222223,2,,
Claude,NOUN+PROPN,9,10,1.1111111111111112,2,,
YouTube,NOUN+PROPN,9,10,1.1111111111111112,2,,
action,NOUN+PROPN,9,10,1.1111111111111112,2,,
ad,NOUN+PROPN,9,10,1.1111111111111112,2,,
attention,NOUN+PROPN,9,10,1.1111111111111112,2,,
environment,NOUN+PROPN,9,10,1.1111111111111112,2,,
friend,NOUN+PROPN,9,10,1.1111111111111112,2,,
insight,NOUN+PROPN,9,10,1.1111111111111112,2,,
length,NOUN+PROPN,9,10,1.1111111111111112,2,,
message,NOUN+PROPN,9,10,1.1111111111111112,2,,
opinion,NOUN+PROPN,9,10,1.1111111111111112,2,,
pro,NOUN+PROPN,9,10,1.1111111111111112,2,,
range,NOUN+PROPN,9,10,1.1111111111111112,2,,
sheet,NOUN+PROPN,9,10,1.1111111111111112,2,,
solution,NOUN+PROPN,9,10,1.1111111111111112,2,,
stock,NOUN+PROPN,9,10,1.1111111111111112,2,,
vibe,NOUN+PROPN,9,10,1.1111111111111112,2,,
view,NOUN+PROPN,9,10,1.1111111111111112,2,,
back,NOUN+PROPN,9,9,1.0,1,,
beginning,NOUN+PROPN,9,9,1.0,1,,
difference,NOUN+PROPN,9,9,1.0,1,,
driver,NOUN+PROPN,9,9,1.0,1,,
engine,NOUN+PROPN,9,9,1.0,1,,
factor,NOUN+PROPN,9,9,1.0,1,,
focus,NOUN+PROPN,9,9,1.0,1,,
hope,NOUN+PROPN,9,9,1.0,1,,
iteration,NOUN+PROPN,9,9,1.0,1,,
language,NOUN+PROPN,9,9,1.0,1,,
phrase,NOUN+PROPN,9,9,1.0,1,,
resource,NOUN+PROPN,9,9,1.0,1,,
second,NOUN+PROPN,9,9,1.0,1,,
starting,NOUN+PROPN,9,9,1.0,1,,
ton,NOUN+PROPN,9,9,1.0,1,,
variety,NOUN+PROPN,9,9,1.0,1,,
Ai,NOUN+PROPN,8,14,1.75,3,,
chapter,NOUN+PROPN,8,14,1.75,7,,
house,NOUN+PROPN,8,14,1.75,6,,
acting,NOUN+PROPN,8,13,1.625,3,,
recording,NOUN+PROPN,8,12,1.5,4,,
base,NOUN+PROPN,8,11,1.375,3,,
blurb,NOUN+PROPN,8,11,1.375,3,,
footage,NOUN+PROPN,8,11,1.375,2,,
tech,NOUN+PROPN,8,11,1.375,2,,
TikTok,NOUN+PROPN,8,10,1.25,2,,
app,NOUN+PROPN,8,10,1.25,3,,
coloring,NOUN+PROPN,8,10,1.25,2,,
colour,NOUN+PROPN,8,10,1.25,2,,
draw,NOUN+PROPN,8,10,1.25,2,,
hobby,NOUN+PROPN,8,10,1.25,3,,
interest,NOUN+PROPN,8,10,1.25,2,,
objective,NOUN+PROPN,8,10,1.25,2,,
school,NOUN+PROPN,8,10,1.25,2,,
science,NOUN+PROPN,8,10,1.25,2,,
summary,NOUN+PROPN,8,10,1.25,2,,
table,NOUN+PROPN,8,10,1.25,2,,
rest,NOUN+PROPN,8,9,1.125,2,,
screen,NOUN+PROPN,8,9,1.125,2,,
site,NOUN+PROPN,8,9,1.125,2,,
studio,NOUN+PROPN,8,9,1.125,2,,
trend,NOUN+PROPN,8,9,1.125,2,,
x,NOUN+PROPN,8,9,1.125,2,,
2nd,NOUN+PROPN,8,8,1.0,1,,
culture,NOUN+PROPN,8,8,1.0,1,,
difficulty,NOUN+PROPN,8,8,1.0,1,,
director,NOUN+PROPN,8,8,1.0,1,,
expert,NOUN+PROPN,8,8,1.0,1,,
fan,NOUN+PROPN,8,8,1.0,1,,
format,NOUN+PROPN,8,8,1.0,1,,
illustrator,NOUN+PROPN,8,8,1.0,1,,
limitation,NOUN+PROPN,8,8,1.0,1,,
making,NOUN+PROPN,8,8,1.0,1,,
method,NOUN+PROPN,8,8,1.0,1,,
musician,NOUN+PROPN,8,8,1.0,1,,
paragraph,NOUN+PROPN,8,8,1.0,1,,
portion,NOUN+PROPN,8,8,1.0,1,,
power,NOUN+PROPN,8,8,1.0,1,,
print,NOUN+PROPN,8,8,1.0,1,,
request,NOUN+PROPN,8,8,1.0,1,,
scenario,NOUN+PROPN,8,8,1.0,1,,
schedule,NOUN+PROPN,8,8,1.0,1,,
society,NOUN+PROPN,8,8,1.0,1,,
songwriting,NOUN+PROPN,8,8,1.0,1,,
tip,NOUN+PROPN,8,8,1.0,1,,
today,NOUN+PROPN,8,8,1.0,1,,
up,NOUN+PROPN,8,8,1.0,1,,
weakness,NOUN+PROPN,8,8,1.0,1,,
caption,NOUN+PROPN,7,15,2.142857142857143,5,,
card,NOUN+PROPN,7,14,2.0,4,,
group,NOUN+PROPN,7,13,1.8571428571428572,4,,
plugin,NOUN+PROPN,7,13,1.8571428571428572,3,,
size,NOUN+PROPN,7,13,1.8571428571428572,4,,
listing,NOUN+PROPN,7,12,1.7142857142857142,5,,
plan,NOUN+PROPN,7,12,1.7142857142857142,3,,
wedding,NOUN+PROPN,7,11,1.5714285714285714,3,,
stream,NOUN+PROPN,7,10,1.4285714285714286,3,,
ais,NOUN+PROPN,7,9,1.2857142857142858,3,,
composition,NOUN+PROPN,7,9,1.2857142857142858,2,,
family,NOUN+PROPN,7,9,1.2857142857142858,2,,
math,NOUN+PROPN,7,9,1.2857142857142858,3,,
niche,NOUN+PROPN,7,9,1.2857142857142858,3,,
outcome,NOUN+PROPN,7,9,1.2857142857142858,3,,
philosophy,NOUN+PROPN,7,9,1.2857142857142858,2,,
poetry,NOUN+PROPN,7,9,1.2857142857142858,2,,
quote,NOUN+PROPN,7,9,1.2857142857142858,2,,
rule,NOUN+PROPN,7,9,1.2857142857142858,2,,
shape,NOUN+PROPN,7,9,1.2857142857142858,2,,
template,NOUN+PROPN,7,9,1.2857142857142858,2,,
assistance,NOUN+PROPN,7,8,1.1428571428571428,2,,
audience,NOUN+PROPN,7,8,1.1428571428571428,2,,
career,NOUN+PROPN,7,8,1.1428571428571428,2,,
component,NOUN+PROPN,7,8,1.1428571428571428,2,,
developer,NOUN+PROPN,7,8,1.1428571428571428,2,,
hole,NOUN+PROPN,7,8,1.1428571428571428,2,,
path,NOUN+PROPN,7,8,1.1428571428571428,2,,
photographer,NOUN+PROPN,7,8,1.1428571428571428,2,,
producer,NOUN+PROPN,7,8,1.1428571428571428,2,,
reading,NOUN+PROPN,7,8,1.1428571428571428,2,,
shadow,NOUN+PROPN,7,8,1.1428571428571428,2,,
trailer,NOUN+PROPN,7,8,1.1428571428571428,2,,
addition,NOUN+PROPN,7,7,1.0,1,,
adult,NOUN+PROPN,7,7,1.0,1,,
application,NOUN+PROPN,7,7,1.0,1,,
artifact,NOUN+PROPN,7,7,1.0,1,,
budget,NOUN+PROPN,7,7,1.0,1,,
bulk,NOUN+PROPN,7,7,1.0,1,,
bunch,NOUN+PROPN,7,7,1.0,1,,
charge,NOUN+PROPN,7,7,1.0,1,,
community,NOUN+PROPN,7,7,1.0,1,,
connection,NOUN+PROPN,7,7,1.0,1,,
craft,NOUN+PROPN,7,7,1.0,1,,
entry,NOUN+PROPN,7,7,1.0,1,,
feel,NOUN+PROPN,7,7,1.0,1,,
fly,NOUN+PROPN,7,7,1.0,1,,
force,NOUN+PROPN,7,7,1.0,1,,
guide,NOUN+PROPN,7,7,1.0,1,,
income,NOUN+PROPN,7,7,1.0,1,,
intention,NOUN+PROPN,7,7,1.0,1,,
light,NOUN+PROPN,7,7,1.0,1,,
link,NOUN+PROPN,7,7,1.0,1,,
management,NOUN+PROPN,7,7,1.0,1,,
profit,NOUN+PROPN,7,7,1.0,1,,
risk,NOUN+PROPN,7,7,1.0,1,,
visual,NOUN+PROPN,7,7,1.0,1,,
wording,NOUN+PROPN,7,7,1.0,1,,
spark,NOUN+PROPN,6,14,2.3333333333333335,8,,
location,NOUN+PROPN,6,11,1.8333333333333333,4,,
water,NOUN+PROPN,6,10,1.6666666666666667,5,,
banner,NOUN+PROPN,6,9,1.5,3,,
blender,NOUN+PROPN,6,9,1.5,3,,
dialogue,NOUN+PROPN,6,9,1.5,2,,
lighting,NOUN+PROPN,6,9,1.5,4,,
pack,NOUN+PROPN,6,9,1.5,2,,
pen,NOUN+PROPN,6,9,1.5,3,,
Amazon,NOUN+PROPN,6,8,1.3333333333333333,2,,
Instagram,NOUN+PROPN,6,8,1.3333333333333333,2,,
brief,NOUN+PROPN,6,8,1.3333333333333333,2,,
commission,NOUN+PROPN,6,8,1.3333333333333333,3,,
gift,NOUN+PROPN,6,8,1.3333333333333333,3,,
overview,NOUN+PROPN,6,8,1.3333333333333333,2,,
store,NOUN+PROPN,6,8,1.3333333333333333,3,,
arc,NOUN+PROPN,6,7,1.1666666666666667,2,,
be,NOUN+PROPN,6,7,1.1666666666666667,2,,
code,NOUN+PROPN,6,7,1.1666666666666667,2,,
count,NOUN+PROPN,6,7,1.1666666666666667,2,,
era,NOUN+PROPN,6,7,1.1666666666666667,2,,
fall,NOUN+PROPN,6,7,1.1666666666666667,2,,
fear,NOUN+PROPN,6,7,1.1666666666666667,2,,
freedom,NOUN+PROPN,6,7,1.1666666666666667,2,,
keyword,NOUN+PROPN,6,7,1.1666666666666667,2,,
kid,NOUN+PROPN,6,7,1.1666666666666667,2,,
loop,NOUN+PROPN,6,7,1.1666666666666667,2,,
manager,NOUN+PROPN,6,7,1.1666666666666667,2,,
medium,NOUN+PROPN,6,7,1.1666666666666667,2,,
night,NOUN+PROPN,6,7,1.1666666666666667,2,,
paint,NOUN+PROPN,6,7,1.1666666666666667,2,,
seat,NOUN+PROPN,6,7,1.1666666666666667,2,,
spec,NOUN+PROPN,6,7,1.1666666666666667,2,,
state,NOUN+PROPN,6,7,1.1666666666666667,2,,
texture,NOUN+PROPN,6,7,1.1666666666666667,2,,
algorithm,NOUN+PROPN,6,6,1.0,1,,
analysis,NOUN+PROPN,6,6,1.0,1,,
bot,NOUN+PROPN,6,6,1.0,1,,
coding,NOUN+PROPN,6,6,1.0,1,,
communication,NOUN+PROPN,6,6,1.0,1,,
contract,NOUN+PROPN,6,6,1.0,1,,
copywriter,NOUN+PROPN,6,6,1.0,1,,
discussion,NOUN+PROPN,6,6,1.0,1,,
engineer,NOUN+PROPN,6,6,1.0,1,,
face,NOUN+PROPN,6,6,1.0,1,,
flaw,NOUN+PROPN,6,6,1.0,1,,
function,NOUN+PROPN,6,6,1.0,1,,
hundred,NOUN+PROPN,6,6,1.0,1,,
ideation,NOUN+PROPN,6,6,1.0,1,,
look,NOUN+PROPN,6,6,1.0,1,,
man,NOUN+PROPN,6,6,1.0,1,,
marketplace,NOUN+PROPN,6,6,1.0,1,,
middle,NOUN+PROPN,6,6,1.0,1,,
nuance,NOUN+PROPN,6,6,1.0,1,,
occasion,NOUN+PROPN,6,6,1.0,1,,
organization,NOUN+PROPN,6,6,1.0,1,,
pain,NOUN+PROPN,6,6,1.0,1,,
period,NOUN+PROPN,6,6,1.0,1,,
portfolio,NOUN+PROPN,6,6,1.0,1,,
release,NOUN+PROPN,6,6,1.0,1,,
relief,NOUN+PROPN,6,6,1.0,1,,
replacement,NOUN+PROPN,6,6,1.0,1,,
speed,NOUN+PROPN,6,6,1.0,1,,
storytelling,NOUN+PROPN,6,6,1.0,1,,
test,NOUN+PROPN,6,6,1.0,1,,
tree,NOUN+PROPN,6,6,1.0,1,,
try,NOUN+PROPN,6,6,1.0,1,,
turn,NOUN+PROPN,6,6,1.0,1,,
woman,NOUN+PROPN,6,6,1.0,1,,
worker,NOUN+PROPN,6,6,1.0,1,,
shoe,NOUN+PROPN,5,15,3.0,6,,
kit,NOUN+PROPN,5,13,2.6,5,,
lesson,NOUN+PROPN,5,10,2.0,3,,
workshop,NOUN+PROPN,5,10,2.0,5,,
country,NOUN+PROPN,5,8,1.6,3,,
dance,NOUN+PROPN,5,8,1.6,2,,
habit,NOUN+PROPN,5,8,1.6,4,,
shirt,NOUN+PROPN,5,8,1.6,3,,
identity,NOUN+PROPN,5,7,1.4,3,,
instrument,NOUN+PROPN,5,7,1.4,2,,
interaction,NOUN+PROPN,5,7,1.4,3,,
staff,NOUN+PROPN,5,7,1.4,2,,
Firefly,NOUN+PROPN,5,6,1.2,2,,
account,NOUN+PROPN,5,6,1.2,2,,
adventure,NOUN+PROPN,5,6,1.2,2,,
backstory,NOUN+PROPN,5,6,1.2,2,,
beta,NOUN+PROPN,5,6,1.2,2,,
challenge,NOUN+PROPN,5,6,1.2,2,,
church,NOUN+PROPN,5,6,1.2,2,,
comedy,NOUN+PROPN,5,6,1.2,2,,
deal,NOUN+PROPN,5,6,1.2,2,,
expertise,NOUN+PROPN,5,6,1.2,2,,
finger,NOUN+PROPN,5,6,1.2,2,,
generator,NOUN+PROPN,5,6,1.2,2,,
ghost,NOUN+PROPN,5,6,1.2,2,,
gold,NOUN+PROPN,5,6,1.2,2,,
hashtag,NOUN+PROPN,5,6,1.2,2,,
limit,NOUN+PROPN,5,6,1.2,2,,
lore,NOUN+PROPN,5,6,1.2,2,,
parameter,NOUN+PROPN,5,6,1.2,2,,
property,NOUN+PROPN,5,6,1.2,2,,
screenwriter,NOUN+PROPN,5,6,1.2,2,,
shading,NOUN+PROPN,5,6,1.2,2,,
sketche,NOUN+PROPN,5,6,1.2,2,,
strength,NOUN+PROPN,5,6,1.2,2,,
student,NOUN+PROPN,5,6,1.2,2,,
surface,NOUN+PROPN,5,6,1.2,2,,
tag,NOUN+PROPN,5,6,1.2,2,,
weight,NOUN+PROPN,5,6,1.2,2,,
accuracy,NOUN+PROPN,5,5,1.0,1,,
aesthetic,NOUN+PROPN,5,5,1.0,1,,
agent,NOUN+PROPN,5,5,1.0,1,,
alternative,NOUN+PROPN,5,5,1.0,1,,
animal,NOUN+PROPN,5,5,1.0,1,,
beat,NOUN+PROPN,5,5,1.0,1,,
care,NOUN+PROPN,5,5,1.0,1,,
clothing,NOUN+PROPN,5,5,1.0,1,,
coach,NOUN+PROPN,5,5,1.0,1,,
comparison,NOUN+PROPN,5,5,1.0,1,,
competition,NOUN+PROPN,5,5,1.0,1,,
composer,NOUN+PROPN,5,5,1.0,1,,
core,NOUN+PROPN,5,5,1.0,1,,
cost,NOUN+PROPN,5,5,1.0,1,,
crutch,NOUN+PROPN,5,5,1.0,1,,
definition,NOUN+PROPN,5,5,1.0,1,,
engagement,NOUN+PROPN,5,5,1.0,1,,
exercise,NOUN+PROPN,5,5,1.0,1,,
experiment,NOUN+PROPN,5,5,1.0,1,,
extent,NOUN+PROPN,5,5,1.0,1,,
finish,NOUN+PROPN,5,5,1.0,1,,
front,NOUN+PROPN,5,5,1.0,1,,
funding,NOUN+PROPN,5,5,1.0,1,,
gear,NOUN+PROPN,5,5,1.0,1,,
go,NOUN+PROPN,5,5,1.0,1,,
grunt,NOUN+PROPN,5,5,1.0,1,,
helper,NOUN+PROPN,5,5,1.0,1,,
individual,NOUN+PROPN,5,5,1.0,1,,
journey,NOUN+PROPN,5,5,1.0,1,,
juice,NOUN+PROPN,5,5,1.0,1,,
literature,NOUN+PROPN,5,5,1.0,1,,
magazine,NOUN+PROPN,5,5,1.0,1,,
manner,NOUN+PROPN,5,5,1.0,1,,
mock,NOUN+PROPN,5,5,1.0,1,,
mood,NOUN+PROPN,5,5,1.0,1,,
motivation,NOUN+PROPN,5,5,1.0,1,,
novelist,NOUN+PROPN,5,5,1.0,1,,
placeholder,NOUN+PROPN,5,5,1.0,1,,
play,NOUN+PROPN,5,5,1.0,1,,
presence,NOUN+PROPN,5,5,1.0,1,,
progression,NOUN+PROPN,5,5,1.0,1,,
proof,NOUN+PROPN,5,5,1.0,1,,
prototype,NOUN+PROPN,5,5,1.0,1,,
publisher,NOUN+PROPN,5,5,1.0,1,,
regard,NOUN+PROPN,5,5,1.0,1,,
relationship,NOUN+PROPN,5,5,1.0,1,,
revision,NOUN+PROPN,5,5,1.0,1,,
season,NOUN+PROPN,5,5,1.0,1,,
spelling,NOUN+PROPN,5,5,1.0,1,,
talent,NOUN+PROPN,5,5,1.0,1,,
theory,NOUN+PROPN,5,5,1.0,1,,
top,NOUN+PROPN,5,5,1.0,1,,
touch,NOUN+PROPN,5,5,1.0,1,,
treatment,NOUN+PROPN,5,5,1.0,1,,
troubleshooting,NOUN+PROPN,5,5,1.0,1,,
tweak,NOUN+PROPN,5,5,1.0,1,,
while,NOUN+PROPN,5,5,1.0,1,,
working,NOUN+PROPN,5,5,1.0,1,,
circuit,NOUN+PROPN,4,8,2.0,3,,
mockup,NOUN+PROPN,4,8,2.0,3,,
B,NOUN+PROPN,4,7,1.75,3,,
measurement,NOUN+PROPN,4,7,1.75,2,,
protagonist,NOUN+PROPN,4,7,1.75,4,,
safety,NOUN+PROPN,4,7,1.75,2,,
Etsy,NOUN+PROPN,4,6,1.5,2,,
God,NOUN+PROPN,4,6,1.5,3,,
Redacte,NOUN+PROPN,4,6,1.5,3,,
con,NOUN+PROPN,4,6,1.5,3,,
emotion,NOUN+PROPN,4,6,1.5,2,,
entertainment,NOUN+PROPN,4,6,1.5,2,,
meditation,NOUN+PROPN,4,6,1.5,2,,
member,NOUN+PROPN,4,6,1.5,2,,
narrative,NOUN+PROPN,4,6,1.5,2,,
vinyl,NOUN+PROPN,4,6,1.5,2,,
Pov,NOUN+PROPN,4,5,1.25,2,,
activity,NOUN+PROPN,4,5,1.25,2,,
age,NOUN+PROPN,4,5,1.25,2,,
atmosphere,NOUN+PROPN,4,5,1.25,2,,
bundle,NOUN+PROPN,4,5,1.25,2,,
chord,NOUN+PROPN,4,5,1.25,2,,
city,NOUN+PROPN,4,5,1.25,2,,
critique,NOUN+PROPN,4,5,1.25,2,,
fairy,NOUN+PROPN,4,5,1.25,2,,
fit,NOUN+PROPN,4,5,1.25,2,,
gravity,NOUN+PROPN,4,5,1.25,2,,
hallucination,NOUN+PROPN,4,5,1.25,2,,
interpretation,NOUN+PROPN,4,5,1.25,2,,
joke,NOUN+PROPN,4,5,1.25,2,,
landing,NOUN+PROPN,4,5,1.25,2,,
library,NOUN+PROPN,4,5,1.25,2,,
meme,NOUN+PROPN,4,5,1.25,2,,
moon,NOUN+PROPN,4,5,1.25,2,,
nonfiction,NOUN+PROPN,4,5,1.25,2,,
office,NOUN+PROPN,4,5,1.25,2,,
poem,NOUN+PROPN,4,5,1.25,2,,
pose,NOUN+PROPN,4,5,1.25,2,,
promo,NOUN+PROPN,4,5,1.25,2,,
restoration,NOUN+PROPN,4,5,1.25,2,,
rhyme,NOUN+PROPN,4,5,1.25,2,,
screenwriting,NOUN+PROPN,4,5,1.25,2,,
sticker,NOUN+PROPN,4,5,1.25,2,,
stress,NOUN+PROPN,4,5,1.25,2,,
teacher,NOUN+PROPN,4,5,1.25,2,,
Adobe,NOUN+PROPN,4,4,1.0,1,,
Christmas,NOUN+PROPN,4,4,1.0,1,,
Midjourney,NOUN+PROPN,4,4,1.0,1,,
Music,NOUN+PROPN,4,4,1.0,1,,
adhd,NOUN+PROPN,4,4,1.0,1,,
aid,NOUN+PROPN,4,4,1.0,1,,
balance,NOUN+PROPN,4,4,1.0,1,,
barrier,NOUN+PROPN,4,4,1.0,1,,
basis,NOUN+PROPN,4,4,1.0,1,,
bias,NOUN+PROPN,4,4,1.0,1,,
branding,NOUN+PROPN,4,4,1.0,1,,
bucket,NOUN+PROPN,4,4,1.0,1,,
burden,NOUN+PROPN,4,4,1.0,1,,
call,NOUN+PROPN,4,4,1.0,1,,
choreography,NOUN+PROPN,4,4,1.0,1,,
collaborator,NOUN+PROPN,4,4,1.0,1,,
combination,NOUN+PROPN,4,4,1.0,1,,
comic,NOUN+PROPN,4,4,1.0,1,,
constraint,NOUN+PROPN,4,4,1.0,1,,
corner,NOUN+PROPN,4,4,1.0,1,,
criticism,NOUN+PROPN,4,4,1.0,1,,
deadline,NOUN+PROPN,4,4,1.0,1,,
desire,NOUN+PROPN,4,4,1.0,1,,
driving,NOUN+PROPN,4,4,1.0,1,,
education,NOUN+PROPN,4,4,1.0,1,,
essay,NOUN+PROPN,4,4,1.0,1,,
expression,NOUN+PROPN,4,4,1.0,1,,
festival,NOUN+PROPN,4,4,1.0,1,,
fill,NOUN+PROPN,4,4,1.0,1,,
filming,NOUN+PROPN,4,4,1.0,1,,
follow,NOUN+PROPN,4,4,1.0,1,,
font,NOUN+PROPN,4,4,1.0,1,,
food,NOUN+PROPN,4,4,1.0,1,,
freelancer,NOUN+PROPN,4,4,1.0,1,,
gallery,NOUN+PROPN,4,4,1.0,1,,
gig,NOUN+PROPN,4,4,1.0,1,,
grant,NOUN+PROPN,4,4,1.0,1,,
hair,NOUN+PROPN,4,4,1.0,1,,
hit,NOUN+PROPN,4,4,1.0,1,,
husband,NOUN+PROPN,4,4,1.0,1,,
imagery,NOUN+PROPN,4,4,1.0,1,,
inconsistencyncy,NOUN+PROPN,4,4,1.0,1,,
instinct,NOUN+PROPN,4,4,1.0,1,,
integrity,NOUN+PROPN,4,4,1.0,1,,
journal,NOUN+PROPN,4,4,1.0,1,,
jump,NOUN+PROPN,4,4,1.0,1,,
leg,NOUN+PROPN,4,4,1.0,1,,
living,NOUN+PROPN,4,4,1.0,1,,
logistics,NOUN+PROPN,4,4,1.0,1,,
loss,NOUN+PROPN,4,4,1.0,1,,
maker,NOUN+PROPN,4,4,1.0,1,,
memory,NOUN+PROPN,4,4,1.0,1,,
mythology,NOUN+PROPN,4,4,1.0,1,,
party,NOUN+PROPN,4,4,1.0,1,,
pdf,NOUN+PROPN,4,4,1.0,1,,
permission,NOUN+PROPN,4,4,1.0,1,,
playlist,NOUN+PROPN,4,4,1.0,1,,
plotline,NOUN+PROPN,4,4,1.0,1,,
preference,NOUN+PROPN,4,4,1.0,1,,
processing,NOUN+PROPN,4,4,1.0,1,,
profile,NOUN+PROPN,4,4,1.0,1,,
prop,NOUN+PROPN,4,4,1.0,1,,
proportion,NOUN+PROPN,4,4,1.0,1,,
prose,NOUN+PROPN,4,4,1.0,1,,
reach,NOUN+PROPN,4,4,1.0,1,,
recommendation,NOUN+PROPN,4,4,1.0,1,,
reel,NOUN+PROPN,4,4,1.0,1,,
representation,NOUN+PROPN,4,4,1.0,1,,
researcher,NOUN+PROPN,4,4,1.0,1,,
responsibility,NOUN+PROPN,4,4,1.0,1,,
round,NOUN+PROPN,4,4,1.0,1,,
saver,NOUN+PROPN,4,4,1.0,1,,
scale,NOUN+PROPN,4,4,1.0,1,,
sci,NOUN+PROPN,4,4,1.0,1,,
scope,NOUN+PROPN,4,4,1.0,1,,
segment,NOUN+PROPN,4,4,1.0,1,,
sentiment,NOUN+PROPN,4,4,1.0,1,,
shot,NOUN+PROPN,4,4,1.0,1,,
soul,NOUN+PROPN,4,4,1.0,1,,
specifics,NOUN+PROPN,4,4,1.0,1,,
subscription,NOUN+PROPN,4,4,1.0,1,,
thousand,NOUN+PROPN,4,4,1.0,1,,
threat,NOUN+PROPN,4,4,1.0,1,,
thriller,NOUN+PROPN,4,4,1.0,1,,
travel,NOUN+PROPN,4,4,1.0,1,,
update,NOUN+PROPN,4,4,1.0,1,,
weather,NOUN+PROPN,4,4,1.0,1,,
workplace,NOUN+PROPN,4,4,1.0,1,,
worth,NOUN+PROPN,4,4,1.0,1,,
map,NOUN+PROPN,3,13,4.333333333333333,10,,
railing,NOUN+PROPN,3,9,3.0,7,,
frame,NOUN+PROPN,3,7,2.3333333333333335,5,,
pcb,NOUN+PROPN,3,7,2.3333333333333335,5,,
weapon,NOUN+PROPN,3,7,2.3333333333333335,5,,
chart,NOUN+PROPN,3,6,2.0,4,,
exterior,NOUN+PROPN,3,6,2.0,3,,
token,NOUN+PROPN,3,6,2.0,3,,
A,NOUN+PROPN,3,5,1.6666666666666667,3,,
Canada,NOUN+PROPN,3,5,1.6666666666666667,2,,
dragon,NOUN+PROPN,3,5,1.6666666666666667,2,,
manuscript,NOUN+PROPN,3,5,1.6666666666666667,3,,
tattoo,NOUN+PROPN,3,5,1.6666666666666667,2,,
GPT,NOUN+PROPN,3,4,1.3333333333333333,2,,
backlash,NOUN+PROPN,3,4,1.3333333333333333,2,,
batch,NOUN+PROPN,3,4,1.3333333333333333,2,,
bible,NOUN+PROPN,3,4,1.3333333333333333,2,,
boss,NOUN+PROPN,3,4,1.3333333333333333,2,,
buddy,NOUN+PROPN,3,4,1.3333333333333333,2,,
button,NOUN+PROPN,3,4,1.3333333333333333,2,,
category,NOUN+PROPN,3,4,1.3333333333333333,2,,
channel,NOUN+PROPN,3,4,1.3333333333333333,2,,
coffee,NOUN+PROPN,3,4,1.3333333333333333,2,,
computing,NOUN+PROPN,3,4,1.3333333333333333,2,,
deliverable,NOUN+PROPN,3,4,1.3333333333333333,2,,
edge,NOUN+PROPN,3,4,1.3333333333333333,2,,
ethics,NOUN+PROPN,3,4,1.3333333333333333,2,,
favor,NOUN+PROPN,3,4,1.3333333333333333,2,,
filmmaking,NOUN+PROPN,3,4,1.3333333333333333,2,,
garbage,NOUN+PROPN,3,4,1.3333333333333333,2,,
guardrail,NOUN+PROPN,3,4,1.3333333333333333,2,,
guidance,NOUN+PROPN,3,4,1.3333333333333333,2,,
hat,NOUN+PROPN,3,4,1.3333333333333333,2,,
hook,NOUN+PROPN,3,4,1.3333333333333333,2,,
hype,NOUN+PROPN,3,4,1.3333333333333333,2,,
interview,NOUN+PROPN,3,4,1.3333333333333333,2,,
lab,NOUN+PROPN,3,4,1.3333333333333333,2,,
mail,NOUN+PROPN,3,4,1.3333333333333333,2,,
meat,NOUN+PROPN,3,4,1.3333333333333333,2,,
noise,NOUN+PROPN,3,4,1.3333333333333333,2,,
participant,NOUN+PROPN,3,4,1.3333333333333333,2,,
pilot,NOUN+PROPN,3,4,1.3333333333333333,2,,
route,NOUN+PROPN,3,4,1.3333333333333333,2,,
rubber,NOUN+PROPN,3,4,1.3333333333333333,2,,
sky,NOUN+PROPN,3,4,1.3333333333333333,2,,
specification,NOUN+PROPN,3,4,1.3333333333333333,2,,
temptation,NOUN+PROPN,3,4,1.3333333333333333,2,,
textile,NOUN+PROPN,3,4,1.3333333333333333,2,,
typo,NOUN+PROPN,3,4,1.3333333333333333,2,,
3D,NOUN+PROPN,3,3,1.0,1,,
Art,NOUN+PROPN,3,3,1.0,1,,
Blender,NOUN+PROPN,3,3,1.0,1,,
EP,NOUN+PROPN,3,3,1.0,1,,
Earth,NOUN+PROPN,3,3,1.0,1,,
Grammarly,NOUN+PROPN,3,3,1.0,1,,
History,NOUN+PROPN,3,3,1.0,1,,
LED,NOUN+PROPN,3,3,1.0,1,,
Sora,NOUN+PROPN,3,3,1.0,1,,
Summer,NOUN+PROPN,3,3,1.0,1,,
Suno,NOUN+PROPN,3,3,1.0,1,,
UI,NOUN+PROPN,3,3,1.0,1,,
adoption,NOUN+PROPN,3,3,1.0,1,,
advantage,NOUN+PROPN,3,3,1.0,1,,
agency,NOUN+PROPN,3,3,1.0,1,,
ai,NOUN+PROPN,3,3,1.0,1,,
air,NOUN+PROPN,3,3,1.0,1,,
album,NOUN+PROPN,3,3,1.0,1,,
ambiance,NOUN+PROPN,3,3,1.0,1,,
animation,NOUN+PROPN,3,3,1.0,1,,
attempt,NOUN+PROPN,3,3,1.0,1,,
authenticity,NOUN+PROPN,3,3,1.0,1,,
automation,NOUN+PROPN,3,3,1.0,1,,
avenue,NOUN+PROPN,3,3,1.0,1,,
awareness,NOUN+PROPN,3,3,1.0,1,,
ball,NOUN+PROPN,3,3,1.0,1,,
belief,NOUN+PROPN,3,3,1.0,1,,
bird,NOUN+PROPN,3,3,1.0,1,,
bottle,NOUN+PROPN,3,3,1.0,1,,
boundary,NOUN+PROPN,3,3,1.0,1,,
box,NOUN+PROPN,3,3,1.0,1,,
break,NOUN+PROPN,3,3,1.0,1,,
brush,NOUN+PROPN,3,3,1.0,1,,
calendar,NOUN+PROPN,3,3,1.0,1,,
canvas,NOUN+PROPN,3,3,1.0,1,,
cartoon,NOUN+PROPN,3,3,1.0,1,,
cat,NOUN+PROPN,3,3,1.0,1,,
center,NOUN+PROPN,3,3,1.0,1,,
century,NOUN+PROPN,3,3,1.0,1,,
chance,NOUN+PROPN,3,3,1.0,1,,
checker,NOUN+PROPN,3,3,1.0,1,,
checklist,NOUN+PROPN,3,3,1.0,1,,
cloud,NOUN+PROPN,3,3,1.0,1,,
colleague,NOUN+PROPN,3,3,1.0,1,,
collection,NOUN+PROPN,3,3,1.0,1,,
comm,NOUN+PROPN,3,3,1.0,1,,
comment,NOUN+PROPN,3,3,1.0,1,,
consistency,NOUN+PROPN,3,3,1.0,1,,
consumer,NOUN+PROPN,3,3,1.0,1,,
contact,NOUN+PROPN,3,3,1.0,1,,
cookie,NOUN+PROPN,3,3,1.0,1,,
copyright,NOUN+PROPN,3,3,1.0,1,,
costume,NOUN+PROPN,3,3,1.0,1,,
credit,NOUN+PROPN,3,3,1.0,1,,
crochet,NOUN+PROPN,3,3,1.0,1,,
cut,NOUN+PROPN,3,3,1.0,1,,
cutter,NOUN+PROPN,3,3,1.0,1,,
cycle,NOUN+PROPN,3,3,1.0,1,,
date,NOUN+PROPN,3,3,1.0,1,,
daw,NOUN+PROPN,3,3,1.0,1,,
debate,NOUN+PROPN,3,3,1.0,1,,
descriptor,NOUN+PROPN,3,3,1.0,1,,
diffusion,NOUN+PROPN,3,3,1.0,1,,
documentary,NOUN+PROPN,3,3,1.0,1,,
documentation,NOUN+PROPN,3,3,1.0,1,,
dozen,NOUN+PROPN,3,3,1.0,1,,
drama,NOUN+PROPN,3,3,1.0,1,,
dream,NOUN+PROPN,3,3,1.0,1,,
ease,NOUN+PROPN,3,3,1.0,1,,
editorial,NOUN+PROPN,3,3,1.0,1,,
efficiency,NOUN+PROPN,3,3,1.0,1,,
endeavor,NOUN+PROPN,3,3,1.0,1,,
expectation,NOUN+PROPN,3,3,1.0,1,,
exploration,NOUN+PROPN,3,3,1.0,1,,
exposure,NOUN+PROPN,3,3,1.0,1,,
fashion,NOUN+PROPN,3,3,1.0,1,,
fi,NOUN+PROPN,3,3,1.0,1,,
flash,NOUN+PROPN,3,3,1.0,1,,
forest,NOUN+PROPN,3,3,1.0,1,,
forth,NOUN+PROPN,3,3,1.0,1,,
forward,NOUN+PROPN,3,3,1.0,1,,
foundation,NOUN+PROPN,3,3,1.0,1,,
funeral,NOUN+PROPN,3,3,1.0,1,,
furniture,NOUN+PROPN,3,3,1.0,1,,
gaming,NOUN+PROPN,3,3,1.0,1,,
garment,NOUN+PROPN,3,3,1.0,1,,
handwriting,NOUN+PROPN,3,3,1.0,1,,
hill,NOUN+PROPN,3,3,1.0,1,,
humor,NOUN+PROPN,3,3,1.0,1,,
impression,NOUN+PROPN,3,3,1.0,1,,
improvement,NOUN+PROPN,3,3,1.0,1,,
ink,NOUN+PROPN,3,3,1.0,1,,
invitation,NOUN+PROPN,3,3,1.0,1,,
involvement,NOUN+PROPN,3,3,1.0,1,,
ip,NOUN+PROPN,3,3,1.0,1,,
label,NOUN+PROPN,3,3,1.0,1,,
lead,NOUN+PROPN,3,3,1.0,1,,
leave,NOUN+PROPN,3,3,1.0,1,,
lens,NOUN+PROPN,3,3,1.0,1,,
manipulation,NOUN+PROPN,3,3,1.0,1,,
master,NOUN+PROPN,3,3,1.0,1,,
mechanics,NOUN+PROPN,3,3,1.0,1,,
mess,NOUN+PROPN,3,3,1.0,1,,
metal,NOUN+PROPN,3,3,1.0,1,,
million,NOUN+PROPN,3,3,1.0,1,,
modeling,NOUN+PROPN,3,3,1.0,1,,
mother,NOUN+PROPN,3,3,1.0,1,,
motif,NOUN+PROPN,3,3,1.0,1,,
motion,NOUN+PROPN,3,3,1.0,1,,
movement,NOUN+PROPN,3,3,1.0,1,,
muscle,NOUN+PROPN,3,3,1.0,1,,
narration,NOUN+PROPN,3,3,1.0,1,,
needle,NOUN+PROPN,3,3,1.0,1,,
norm,NOUN+PROPN,3,3,1.0,1,,
notice,NOUN+PROPN,3,3,1.0,1,,
obstacle,NOUN+PROPN,3,3,1.0,1,,
oil,NOUN+PROPN,3,3,1.0,1,,
owner,NOUN+PROPN,3,3,1.0,1,,
pace,NOUN+PROPN,3,3,1.0,1,,
packaging,NOUN+PROPN,3,3,1.0,1,,
passion,NOUN+PROPN,3,3,1.0,1,,
peace,NOUN+PROPN,3,3,1.0,1,,
pet,NOUN+PROPN,3,3,1.0,1,,
placement,NOUN+PROPN,3,3,1.0,1,,
plenty,NOUN+PROPN,3,3,1.0,1,,
prep,NOUN+PROPN,3,3,1.0,1,,
priority,NOUN+PROPN,3,3,1.0,1,,
profession,NOUN+PROPN,3,3,1.0,1,,
professional,NOUN+PROPN,3,3,1.0,1,,
progress,NOUN+PROPN,3,3,1.0,1,,
proofreader,NOUN+PROPN,3,3,1.0,1,,
publication,NOUN+PROPN,3,3,1.0,1,,
record,NOUN+PROPN,3,3,1.0,1,,
reliance,NOUN+PROPN,3,3,1.0,1,,
review,NOUN+PROPN,3,3,1.0,1,,
rhythm,NOUN+PROPN,3,3,1.0,1,,
roll,NOUN+PROPN,3,3,1.0,1,,
romance,NOUN+PROPN,3,3,1.0,1,,
sake,NOUN+PROPN,3,3,1.0,1,,
salt,NOUN+PROPN,3,3,1.0,1,,
sample,NOUN+PROPN,3,3,1.0,1,,
sequence,NOUN+PROPN,3,3,1.0,1,,
skin,NOUN+PROPN,3,3,1.0,1,,
slope,NOUN+PROPN,3,3,1.0,1,,
spin,NOUN+PROPN,3,3,1.0,1,,
standup,NOUN+PROPN,3,3,1.0,1,,
strategy,NOUN+PROPN,3,3,1.0,1,,
stripboard,NOUN+PROPN,3,3,1.0,1,,
substitute,NOUN+PROPN,3,3,1.0,1,,
suite,NOUN+PROPN,3,3,1.0,1,,
supplement,NOUN+PROPN,3,3,1.0,1,,
sweater,NOUN+PROPN,3,3,1.0,1,,
tendency,NOUN+PROPN,3,3,1.0,1,,
testing,NOUN+PROPN,3,3,1.0,1,,
thread,NOUN+PROPN,3,3,1.0,1,,
thumbnail,NOUN+PROPN,3,3,1.0,1,,
town,NOUN+PROPN,3,3,1.0,1,,
tracking,NOUN+PROPN,3,3,1.0,1,,
trade,NOUN+PROPN,3,3,1.0,1,,
trailor,NOUN+PROPN,3,3,1.0,1,,
tune,NOUN+PROPN,3,3,1.0,1,,
tweaking,NOUN+PROPN,3,3,1.0,1,,
usage,NOUN+PROPN,3,3,1.0,1,,
vehicle,NOUN+PROPN,3,3,1.0,1,,
viewer,NOUN+PROPN,3,3,1.0,1,,
volume,NOUN+PROPN,3,3,1.0,1,,
watch,NOUN+PROPN,3,3,1.0,1,,
window,NOUN+PROPN,3,3,1.0,1,,
wine,NOUN+PROPN,3,3,1.0,1,,
witch,NOUN+PROPN,3,3,1.0,1,,
wizard,NOUN+PROPN,3,3,1.0,1,,
mode,NOUN+PROPN,2,8,4.0,6,,
devotional,NOUN+PROPN,2,7,3.5,5,,
interior,NOUN+PROPN,2,5,2.5,3,,
physics,NOUN+PROPN,2,5,2.5,3,,
remodeling,NOUN+PROPN,2,5,2.5,3,,
Android,NOUN+PROPN,2,4,2.0,2,,
cast,NOUN+PROPN,2,4,2.0,3,,
decade,NOUN+PROPN,2,4,2.0,3,,
filmmaker,NOUN+PROPN,2,4,2.0,3,,
health,NOUN+PROPN,2,4,2.0,2,,
illness,NOUN+PROPN,2,4,2.0,3,,
journaling,NOUN+PROPN,2,4,2.0,3,,
mountain,NOUN+PROPN,2,4,2.0,3,,
ownership,NOUN+PROPN,2,4,2.0,3,,
pedal,NOUN+PROPN,2,4,2.0,3,,
plant,NOUN+PROPN,2,4,2.0,3,,
report,NOUN+PROPN,2,4,2.0,3,,
tagline,NOUN+PROPN,2,4,2.0,3,,
take,NOUN+PROPN,2,4,2.0,3,,
Benjamin,NOUN+PROPN,2,3,1.5,2,,
Chat,NOUN+PROPN,2,3,1.5,2,,
Constantinople,NOUN+PROPN,2,3,1.5,2,,
Cricut,NOUN+PROPN,2,3,1.5,2,,
Dragons,NOUN+PROPN,2,3,1.5,2,,
Dungeons,NOUN+PROPN,2,3,1.5,2,,
Mars,NOUN+PROPN,2,3,1.5,2,,
OpenAI,NOUN+PROPN,2,3,1.5,2,,
T,NOUN+PROPN,2,3,1.5,2,,
assumption,NOUN+PROPN,2,3,1.5,2,,
audition,NOUN+PROPN,2,3,1.5,2,,
award,NOUN+PROPN,2,3,1.5,2,,
band,NOUN+PROPN,2,3,1.5,2,,
branch,NOUN+PROPN,2,3,1.5,2,,
bubble,NOUN+PROPN,2,3,1.5,2,,
bullet,NOUN+PROPN,2,3,1.5,2,,
calculator,NOUN+PROPN,2,3,1.5,2,,
chemistry,NOUN+PROPN,2,3,1.5,2,,
contest,NOUN+PROPN,2,3,1.5,2,,
cricut,NOUN+PROPN,2,3,1.5,2,,
crowd,NOUN+PROPN,2,3,1.5,2,,
dialog,NOUN+PROPN,2,3,1.5,2,,
disclaimer,NOUN+PROPN,2,3,1.5,2,,
dot,NOUN+PROPN,2,3,1.5,2,,
ducky,NOUN+PROPN,2,3,1.5,2,,
dungeon,NOUN+PROPN,2,3,1.5,2,,
engineering,NOUN+PROPN,2,3,1.5,2,,
flyer,NOUN+PROPN,2,3,1.5,2,,
grade,NOUN+PROPN,2,3,1.5,2,,
grandmother,NOUN+PROPN,2,3,1.5,2,,
gum,NOUN+PROPN,2,3,1.5,2,,
inauthenticity,NOUN+PROPN,2,3,1.5,2,,
installation,NOUN+PROPN,2,3,1.5,2,,
lack,NOUN+PROPN,2,3,1.5,2,,
landscape,NOUN+PROPN,2,3,1.5,2,,
layer,NOUN+PROPN,2,3,1.5,2,,
mixing,NOUN+PROPN,2,3,1.5,2,,
module,NOUN+PROPN,2,3,1.5,2,,
package,NOUN+PROPN,2,3,1.5,2,,
pairing,NOUN+PROPN,2,3,1.5,2,,
plastic,NOUN+PROPN,2,3,1.5,2,,
printing,NOUN+PROPN,2,3,1.5,2,,
privacy,NOUN+PROPN,2,3,1.5,2,,
reasoning,NOUN+PROPN,2,3,1.5,2,,
rewriting,NOUN+PROPN,2,3,1.5,2,,
royalty,NOUN+PROPN,2,3,1.5,2,,
run,NOUN+PROPN,2,3,1.5,2,,
scaler,NOUN+PROPN,2,3,1.5,2,,
scrapbook,NOUN+PROPN,2,3,1.5,2,,
sister,NOUN+PROPN,2,3,1.5,2,,
slogan,NOUN+PROPN,2,3,1.5,2,,
species,NOUN+PROPN,2,3,1.5,2,,
squirrel,NOUN+PROPN,2,3,1.5,2,,
statistic,NOUN+PROPN,2,3,1.5,2,,
steel,NOUN+PROPN,2,3,1.5,2,,
stem,NOUN+PROPN,2,3,1.5,2,,
stroke,NOUN+PROPN,2,3,1.5,2,,
summer,NOUN+PROPN,2,3,1.5,2,,
tape,NOUN+PROPN,2,3,1.5,2,,
variation,NOUN+PROPN,2,3,1.5,2,,
verse,NOUN+PROPN,2,3,1.5,2,,
visitor,NOUN+PROPN,2,3,1.5,2,,
war,NOUN+PROPN,2,3,1.5,2,,
wealth,NOUN+PROPN,2,3,1.5,2,,
yarn,NOUN+PROPN,2,3,1.5,2,,
-fi,NOUN+PROPN,2,2,1.0,1,,
August,NOUN+PROPN,2,2,1.0,1,,
Barnes,NOUN+PROPN,2,2,1.0,1,,
BoM,NOUN+PROPN,2,2,1.0,1,,
Canva,NOUN+PROPN,2,2,1.0,1,,
D&D,NOUN+PROPN,2,2,1.0,1,,
Director,NOUN+PROPN,2,2,1.0,1,,
Fantasy,NOUN+PROPN,2,2,1.0,1,,
Friday,NOUN+PROPN,2,2,1.0,1,,
Hollywood,NOUN+PROPN,2,2,1.0,1,,
King,NOUN+PROPN,2,2,1.0,1,,
Machine,NOUN+PROPN,2,2,1.0,1,,
Monday,NOUN+PROPN,2,2,1.0,1,,
Noble,NOUN+PROPN,2,2,1.0,1,,
Opus,NOUN+PROPN,2,2,1.0,1,,
PhD,NOUN+PROPN,2,2,1.0,1,,
Premiere,NOUN+PROPN,2,2,1.0,1,,
Prize,NOUN+PROPN,2,2,1.0,1,,
Spotify,NOUN+PROPN,2,2,1.0,1,,
US,NOUN+PROPN,2,2,1.0,1,,
VFX,NOUN+PROPN,2,2,1.0,1,,
Veo,NOUN+PROPN,2,2,1.0,1,,
VidIQ,NOUN+PROPN,2,2,1.0,1,,
Walter,NOUN+PROPN,2,2,1.0,1,,
Word,NOUN+PROPN,2,2,1.0,1,,
XYZ,NOUN+PROPN,2,2,1.0,1,,
a/,NOUN+PROPN,2,2,1.0,1,,
abundance,NOUN+PROPN,2,2,1.0,1,,
access,NOUN+PROPN,2,2,1.0,1,,
accessibility,NOUN+PROPN,2,2,1.0,1,,
accounting,NOUN+PROPN,2,2,1.0,1,,
accusation,NOUN+PROPN,2,2,1.0,1,,
acomplishment,NOUN+PROPN,2,2,1.0,1,,
acquaintance,NOUN+PROPN,2,2,1.0,1,,
act,NOUN+PROPN,2,2,1.0,1,,
adopter,NOUN+PROPN,2,2,1.0,1,,
advent,NOUN+PROPN,2,2,1.0,1,,
affirmation,NOUN+PROPN,2,2,1.0,1,,
anxiety,NOUN+PROPN,2,2,1.0,1,,
architecture,NOUN+PROPN,2,2,1.0,1,,
argument,NOUN+PROPN,2,2,1.0,1,,
arrival,NOUN+PROPN,2,2,1.0,1,,
attribution,NOUN+PROPN,2,2,1.0,1,,
availability,NOUN+PROPN,2,2,1.0,1,,
avatar,NOUN+PROPN,2,2,1.0,1,,
average,NOUN+PROPN,2,2,1.0,1,,
backdrop,NOUN+PROPN,2,2,1.0,1,,
backlog,NOUN+PROPN,2,2,1.0,1,,
barre,NOUN+PROPN,2,2,1.0,1,,
basement,NOUN+PROPN,2,2,1.0,1,,
basic,NOUN+PROPN,2,2,1.0,1,,
biology,NOUN+PROPN,2,2,1.0,1,,
bom,NOUN+PROPN,2,2,1.0,1,,
bottom,NOUN+PROPN,2,2,1.0,1,,
brainstorm,NOUN+PROPN,2,2,1.0,1,,
breadth,NOUN+PROPN,2,2,1.0,1,,
breathing,NOUN+PROPN,2,2,1.0,1,,
buck,NOUN+PROPN,2,2,1.0,1,,
bull,NOUN+PROPN,2,2,1.0,1,,
buyer,NOUN+PROPN,2,2,1.0,1,,
capacity,NOUN+PROPN,2,2,1.0,1,,
ceo,NOUN+PROPN,2,2,1.0,1,,
certainty,NOUN+PROPN,2,2,1.0,1,,
chain,NOUN+PROPN,2,2,1.0,1,,
changing,NOUN+PROPN,2,2,1.0,1,,
chatgpt,NOUN+PROPN,2,2,1.0,1,,
chatter,NOUN+PROPN,2,2,1.0,1,,
cheerleader,NOUN+PROPN,2,2,1.0,1,,
choreographer,NOUN+PROPN,2,2,1.0,1,,
chunk,NOUN+PROPN,2,2,1.0,1,,
circumstance,NOUN+PROPN,2,2,1.0,1,,
clientele,NOUN+PROPN,2,2,1.0,1,,
climate,NOUN+PROPN,2,2,1.0,1,,
clue,NOUN+PROPN,2,2,1.0,1,,
competitor,NOUN+PROPN,2,2,1.0,1,,
compilation,NOUN+PROPN,2,2,1.0,1,,
conception,NOUN+PROPN,2,2,1.0,1,,
condition,NOUN+PROPN,2,2,1.0,1,,
configuration,NOUN+PROPN,2,2,1.0,1,,
conflict,NOUN+PROPN,2,2,1.0,1,,
confusion,NOUN+PROPN,2,2,1.0,1,,
consciousness,NOUN+PROPN,2,2,1.0,1,,
consequence,NOUN+PROPN,2,2,1.0,1,,
consideration,NOUN+PROPN,2,2,1.0,1,,
contractor,NOUN+PROPN,2,2,1.0,1,,
contribution,NOUN+PROPN,2,2,1.0,1,,
convenience,NOUN+PROPN,2,2,1.0,1,,
correction,NOUN+PROPN,2,2,1.0,1,,
creature,NOUN+PROPN,2,2,1.0,1,,
credibility,NOUN+PROPN,2,2,1.0,1,,
crunch,NOUN+PROPN,2,2,1.0,1,,
crystal,NOUN+PROPN,2,2,1.0,1,,
d&d,NOUN+PROPN,2,2,1.0,1,,
death,NOUN+PROPN,2,2,1.0,1,,
decal,NOUN+PROPN,2,2,1.0,1,,
degree,NOUN+PROPN,2,2,1.0,1,,
demand,NOUN+PROPN,2,2,1.0,1,,
demo,NOUN+PROPN,2,2,1.0,1,,
department,NOUN+PROPN,2,2,1.0,1,,
desk,NOUN+PROPN,2,2,1.0,1,,
device,NOUN+PROPN,2,2,1.0,1,,
dimension,NOUN+PROPN,2,2,1.0,1,,
disability,NOUN+PROPN,2,2,1.0,1,,
discovery,NOUN+PROPN,2,2,1.0,1,,
disorder,NOUN+PROPN,2,2,1.0,1,,
distance,NOUN+PROPN,2,2,1.0,1,,
distraction,NOUN+PROPN,2,2,1.0,1,,
dive,NOUN+PROPN,2,2,1.0,1,,
doctor,NOUN+PROPN,2,2,1.0,1,,
domain,NOUN+PROPN,2,2,1.0,1,,
door,NOUN+PROPN,2,2,1.0,1,,
doubt,NOUN+PROPN,2,2,1.0,1,,
downside,NOUN+PROPN,2,2,1.0,1,,
drawing,NOUN+PROPN,2,2,1.0,1,,
eBay,NOUN+PROPN,2,2,1.0,1,,
ebook,NOUN+PROPN,2,2,1.0,1,,
electronics,NOUN+PROPN,2,2,1.0,1,,
elevenlab,NOUN+PROPN,2,2,1.0,1,,
emergency,NOUN+PROPN,2,2,1.0,1,,
endeavour,NOUN+PROPN,2,2,1.0,1,,
entrepreneur,NOUN+PROPN,2,2,1.0,1,,
entrie,NOUN+PROPN,2,2,1.0,1,,
envato,NOUN+PROPN,2,2,1.0,1,,
equipment,NOUN+PROPN,2,2,1.0,1,,
essence,NOUN+PROPN,2,2,1.0,1,,
ex,NOUN+PROPN,2,2,1.0,1,,
exhibition,NOUN+PROPN,2,2,1.0,1,,
favorite,NOUN+PROPN,2,2,1.0,1,,
fee,NOUN+PROPN,2,2,1.0,1,,
feminism,NOUN+PROPN,2,2,1.0,1,,
fight,NOUN+PROPN,2,2,1.0,1,,
figure,NOUN+PROPN,2,2,1.0,1,,
filler,NOUN+PROPN,2,2,1.0,1,,
finding,NOUN+PROPN,2,2,1.0,1,,
fingertip,NOUN+PROPN,2,2,1.0,1,,
fire,NOUN+PROPN,2,2,1.0,1,,
firm,NOUN+PROPN,2,2,1.0,1,,
fix,NOUN+PROPN,2,2,1.0,1,,
floor,NOUN+PROPN,2,2,1.0,1,,
folder,NOUN+PROPN,2,2,1.0,1,,
follower,NOUN+PROPN,2,2,1.0,1,,
foreshadowing,NOUN+PROPN,2,2,1.0,1,,
formula,NOUN+PROPN,2,2,1.0,1,,
forum,NOUN+PROPN,2,2,1.0,1,,
fragment,NOUN+PROPN,2,2,1.0,1,,
framework,NOUN+PROPN,2,2,1.0,1,,
frequency,NOUN+PROPN,2,2,1.0,1,,
gameplay,NOUN+PROPN,2,2,1.0,1,,
gen,NOUN+PROPN,2,2,1.0,1,,
government,NOUN+PROPN,2,2,1.0,1,,
gpt,NOUN+PROPN,2,2,1.0,1,,
graduate,NOUN+PROPN,2,2,1.0,1,,
grain,NOUN+PROPN,2,2,1.0,1,,
ground,NOUN+PROPN,2,2,1.0,1,,
grouping,NOUN+PROPN,2,2,1.0,1,,
guideline,NOUN+PROPN,2,2,1.0,1,,
half,NOUN+PROPN,2,2,1.0,1,,
harm,NOUN+PROPN,2,2,1.0,1,,
heading,NOUN+PROPN,2,2,1.0,1,,
hold,NOUN+PROPN,2,2,1.0,1,,
holiday,NOUN+PROPN,2,2,1.0,1,,
homebrew,NOUN+PROPN,2,2,1.0,1,,
homogenization,NOUN+PROPN,2,2,1.0,1,,
hunt,NOUN+PROPN,2,2,1.0,1,,
hypnotist,NOUN+PROPN,2,2,1.0,1,,
icing,NOUN+PROPN,2,2,1.0,1,,
icon,NOUN+PROPN,2,2,1.0,1,,
ideal,NOUN+PROPN,2,2,1.0,1,,
imagination,NOUN+PROPN,2,2,1.0,1,,
implementation,NOUN+PROPN,2,2,1.0,1,,
implication,NOUN+PROPN,2,2,1.0,1,,
importance,NOUN+PROPN,2,2,1.0,1,,
inaccuracy,NOUN+PROPN,2,2,1.0,1,,
influence,NOUN+PROPN,2,2,1.0,1,,
ingenuity,NOUN+PROPN,2,2,1.0,1,,
initiative,NOUN+PROPN,2,2,1.0,1,,
institution,NOUN+PROPN,2,2,1.0,1,,
instructor,NOUN+PROPN,2,2,1.0,1,,
integration,NOUN+PROPN,2,2,1.0,1,,
intent,NOUN+PROPN,2,2,1.0,1,,
interface,NOUN+PROPN,2,2,1.0,1,,
interlocutor,NOUN+PROPN,2,2,1.0,1,,
introduction,NOUN+PROPN,2,2,1.0,1,,
invoice,NOUN+PROPN,2,2,1.0,1,,
iron,NOUN+PROPN,2,2,1.0,1,,
jazz,NOUN+PROPN,2,2,1.0,1,,
junk,NOUN+PROPN,2,2,1.0,1,,
key,NOUN+PROPN,2,2,1.0,1,,
knit,NOUN+PROPN,2,2,1.0,1,,
knob,NOUN+PROPN,2,2,1.0,1,,
know,NOUN+PROPN,2,2,1.0,1,,
labor,NOUN+PROPN,2,2,1.0,1,,
learner,NOUN+PROPN,2,2,1.0,1,,
listener,NOUN+PROPN,2,2,1.0,1,,
livelihood,NOUN+PROPN,2,2,1.0,1,,
logic,NOUN+PROPN,2,2,1.0,1,,
logline,NOUN+PROPN,2,2,1.0,1,,
luddite,NOUN+PROPN,2,2,1.0,1,,
macrame,NOUN+PROPN,2,2,1.0,1,,
magic,NOUN+PROPN,2,2,1.0,1,,
makeup,NOUN+PROPN,2,2,1.0,1,,
mansion,NOUN+PROPN,2,2,1.0,1,,
mark,NOUN+PROPN,2,2,1.0,1,,
meaning,NOUN+PROPN,2,2,1.0,1,,
means,NOUN+PROPN,2,2,1.0,1,,
meeting,NOUN+PROPN,2,2,1.0,1,,
melody,NOUN+PROPN,2,2,1.0,1,,
membership,NOUN+PROPN,2,2,1.0,1,,
memoir,NOUN+PROPN,2,2,1.0,1,,
mentor,NOUN+PROPN,2,2,1.0,1,,
menu,NOUN+PROPN,2,2,1.0,1,,
mini,NOUN+PROPN,2,2,1.0,1,,
mission,NOUN+PROPN,2,2,1.0,1,,
mix,NOUN+PROPN,2,2,1.0,1,,
mixture,NOUN+PROPN,2,2,1.0,1,,
modification,NOUN+PROPN,2,2,1.0,1,,
montage,NOUN+PROPN,2,2,1.0,1,,
morale,NOUN+PROPN,2,2,1.0,1,,
move,NOUN+PROPN,2,2,1.0,1,,
multimedia,NOUN+PROPN,2,2,1.0,1,,
mushroom,NOUN+PROPN,2,2,1.0,1,,
newsletter,NOUN+PROPN,2,2,1.0,1,,
non-fiction,NOUN+PROPN,2,2,1.0,1,,
non-writer,NOUN+PROPN,2,2,1.0,1,,
notion,NOUN+PROPN,2,2,1.0,1,,
novelty,NOUN+PROPN,2,2,1.0,1,,
npc,NOUN+PROPN,2,2,1.0,1,,
occupation,NOUN+PROPN,2,2,1.0,1,,
organizing,NOUN+PROPN,2,2,1.0,1,,
out,NOUN+PROPN,2,2,1.0,1,,
oversight,NOUN+PROPN,2,2,1.0,1,,
pair,NOUN+PROPN,2,2,1.0,1,,
panel,NOUN+PROPN,2,2,1.0,1,,
pantser,NOUN+PROPN,2,2,1.0,1,,
paperback,NOUN+PROPN,2,2,1.0,1,,
parenthesis,NOUN+PROPN,2,2,1.0,1,,
park,NOUN+PROPN,2,2,1.0,1,,
pass,NOUN+PROPN,2,2,1.0,1,,
passing,NOUN+PROPN,2,2,1.0,1,,
peer,NOUN+PROPN,2,2,1.0,1,,
perception,NOUN+PROPN,2,2,1.0,1,,
pipeline,NOUN+PROPN,2,2,1.0,1,,
plagiarism,NOUN+PROPN,2,2,1.0,1,,
planet,NOUN+PROPN,2,2,1.0,1,,
playing,NOUN+PROPN,2,2,1.0,1,,
pleasure,NOUN+PROPN,2,2,1.0,1,,
politics,NOUN+PROPN,2,2,1.0,1,,
population,NOUN+PROPN,2,2,1.0,1,,
portrait,NOUN+PROPN,2,2,1.0,1,,
position,NOUN+PROPN,2,2,1.0,1,,
pre-production,NOUN+PROPN,2,2,1.0,1,,
premise,NOUN+PROPN,2,2,1.0,1,,
present,NOUN+PROPN,2,2,1.0,1,,
press,NOUN+PROPN,2,2,1.0,1,,
pressure,NOUN+PROPN,2,2,1.0,1,,
price,NOUN+PROPN,2,2,1.0,1,,
printer,NOUN+PROPN,2,2,1.0,1,,
prize,NOUN+PROPN,2,2,1.0,1,,
programming,NOUN+PROPN,2,2,1.0,1,,
promotion,NOUN+PROPN,2,2,1.0,1,,
proposal,NOUN+PROPN,2,2,1.0,1,,
prototyping,NOUN+PROPN,2,2,1.0,1,,
push,NOUN+PROPN,2,2,1.0,1,,
puzzle,NOUN+PROPN,2,2,1.0,1,,
randomness,NOUN+PROPN,2,2,1.0,1,,
rate,NOUN+PROPN,2,2,1.0,1,,
read,NOUN+PROPN,2,2,1.0,1,,
realism,NOUN+PROPN,2,2,1.0,1,,
realm,NOUN+PROPN,2,2,1.0,1,,
reflection,NOUN+PROPN,2,2,1.0,1,,
rein,NOUN+PROPN,2,2,1.0,1,,
relative,NOUN+PROPN,2,2,1.0,1,,
relevance,NOUN+PROPN,2,2,1.0,1,,
reluctance,NOUN+PROPN,2,2,1.0,1,,
reporter,NOUN+PROPN,2,2,1.0,1,,
reservation,NOUN+PROPN,2,2,1.0,1,,
resume,NOUN+PROPN,2,2,1.0,1,,
robot,NOUN+PROPN,2,2,1.0,1,,
routine,NOUN+PROPN,2,2,1.0,1,,
rpg,NOUN+PROPN,2,2,1.0,1,,
scheduling,NOUN+PROPN,2,2,1.0,1,,
scientist,NOUN+PROPN,2,2,1.0,1,,
scoring,NOUN+PROPN,2,2,1.0,1,,
scrapbooking,NOUN+PROPN,2,2,1.0,1,,
sculpting,NOUN+PROPN,2,2,1.0,1,,
security,NOUN+PROPN,2,2,1.0,1,,
seed,NOUN+PROPN,2,2,1.0,1,,
share,NOUN+PROPN,2,2,1.0,1,,
shoot,NOUN+PROPN,2,2,1.0,1,,
shortcut,NOUN+PROPN,2,2,1.0,1,,
shoulder,NOUN+PROPN,2,2,1.0,1,,
signal,NOUN+PROPN,2,2,1.0,1,,
skeleton,NOUN+PROPN,2,2,1.0,1,,
sketch,NOUN+PROPN,2,2,1.0,1,,
sleep,NOUN+PROPN,2,2,1.0,1,,
slide,NOUN+PROPN,2,2,1.0,1,,
slop,NOUN+PROPN,2,2,1.0,1,,
speech,NOUN+PROPN,2,2,1.0,1,,
spell,NOUN+PROPN,2,2,1.0,1,,
spellcheck,NOUN+PROPN,2,2,1.0,1,,
split,NOUN+PROPN,2,2,1.0,1,,
spreadshet,NOUN+PROPN,2,2,1.0,1,,
standalone,NOUN+PROPN,2,2,1.0,1,,
startup,NOUN+PROPN,2,2,1.0,1,,
storm,NOUN+PROPN,2,2,1.0,1,,
storyline,NOUN+PROPN,2,2,1.0,1,,
streamer,NOUN+PROPN,2,2,1.0,1,,
stretch,NOUN+PROPN,2,2,1.0,1,,
string,NOUN+PROPN,2,2,1.0,1,,
struggle,NOUN+PROPN,2,2,1.0,1,,
study,NOUN+PROPN,2,2,1.0,1,,
subtext,NOUN+PROPN,2,2,1.0,1,,
sun,NOUN+PROPN,2,2,1.0,1,,
surname,NOUN+PROPN,2,2,1.0,1,,
swing,NOUN+PROPN,2,2,1.0,1,,
syllable,NOUN+PROPN,2,2,1.0,1,,
symbolism,NOUN+PROPN,2,2,1.0,1,,
syndrome,NOUN+PROPN,2,2,1.0,1,,
synopsis,NOUN+PROPN,2,2,1.0,1,,
tactic,NOUN+PROPN,2,2,1.0,1,,
tangent,NOUN+PROPN,2,2,1.0,1,,
tank,NOUN+PROPN,2,2,1.0,1,,
tax,NOUN+PROPN,2,2,1.0,1,,
television,NOUN+PROPN,2,2,1.0,1,,
tempo,NOUN+PROPN,2,2,1.0,1,,
theater,NOUN+PROPN,2,2,1.0,1,,
theatre,NOUN+PROPN,2,2,1.0,1,,
thesaurus,NOUN+PROPN,2,2,1.0,1,,
thumb,NOUN+PROPN,2,2,1.0,1,,
timeline,NOUN+PROPN,2,2,1.0,1,,
timesaver,NOUN+PROPN,2,2,1.0,1,,
trait,NOUN+PROPN,2,2,1.0,1,,
transcript,NOUN+PROPN,2,2,1.0,1,,
trap,NOUN+PROPN,2,2,1.0,1,,
trial,NOUN+PROPN,2,2,1.0,1,,
truck,NOUN+PROPN,2,2,1.0,1,,
tuning,NOUN+PROPN,2,2,1.0,1,,
tutorial,NOUN+PROPN,2,2,1.0,1,,
ultra-violet,NOUN+PROPN,2,2,1.0,1,,
umbrella,NOUN+PROPN,2,2,1.0,1,,
uniqueness,NOUN+PROPN,2,2,1.0,1,,
urge,NOUN+PROPN,2,2,1.0,1,,
vase,NOUN+PROPN,2,2,1.0,1,,
victim,NOUN+PROPN,2,2,1.0,1,,
visualization,NOUN+PROPN,2,2,1.0,1,,
warning,NOUN+PROPN,2,2,1.0,1,,
waterslide,NOUN+PROPN,2,2,1.0,1,,
webpage,NOUN+PROPN,2,2,1.0,1,,
worldbuilding,NOUN+PROPN,2,2,1.0,1,,
worry,NOUN+PROPN,2,2,1.0,1,,
ya,NOUN+PROPN,2,2,1.0,1,,
Mission,NOUN+PROPN,1,4,4.0,4,,
candy,NOUN+PROPN,1,4,4.0,4,,
plush,NOUN+PROPN,1,4,4.0,4,,
village,NOUN+PROPN,1,4,4.0,4,,
Gen,NOUN+PROPN,1,3,3.0,3,,
HueForge,NOUN+PROPN,1,3,3.0,3,,
Survival,NOUN+PROPN,1,3,3.0,3,,
Z,NOUN+PROPN,1,3,3.0,3,,
beginner,NOUN+PROPN,1,3,3.0,3,,
corgis,NOUN+PROPN,1,3,3.0,3,,
enclosure,NOUN+PROPN,1,3,3.0,3,,
found,NOUN+PROPN,1,3,3.0,3,,
grandparent,NOUN+PROPN,1,3,3.0,3,,
horror,NOUN+PROPN,1,3,3.0,3,,
rating,NOUN+PROPN,1,3,3.0,3,,
sculpture,NOUN+PROPN,1,3,3.0,3,,
tcg,NOUN+PROPN,1,3,3.0,3,,
Confederation,NOUN+PROPN,1,2,2.0,2,,
Cy,NOUN+PROPN,1,2,2.0,2,,
HR,NOUN+PROPN,1,2,2.0,2,,
Hardware,NOUN+PROPN,1,2,2.0,2,,
Moonlight,NOUN+PROPN,1,2,2.0,2,,
Oscar,NOUN+PROPN,1,2,2.0,2,,
PB,NOUN+PROPN,1,2,2.0,2,,
Saltmarsh,NOUN+PROPN,1,2,2.0,2,,
Solar,NOUN+PROPN,1,2,2.0,2,,
Team,NOUN+PROPN,1,2,2.0,2,,
Template,NOUN+PROPN,1,2,2.0,2,,
Thinglink,NOUN+PROPN,1,2,2.0,2,,
Twombly,NOUN+PROPN,1,2,2.0,2,,
advisor,NOUN+PROPN,1,2,2.0,2,,
alchemist,NOUN+PROPN,1,2,2.0,2,,
belly,NOUN+PROPN,1,2,2.0,2,,
bust,NOUN+PROPN,1,2,2.0,2,,
carpenter,NOUN+PROPN,1,2,2.0,2,,
conversion,NOUN+PROPN,1,2,2.0,2,,
crit,NOUN+PROPN,1,2,2.0,2,,
cult,NOUN+PROPN,1,2,2.0,2,,
decor,NOUN+PROPN,1,2,2.0,2,,
diagram,NOUN+PROPN,1,2,2.0,2,,
diode,NOUN+PROPN,1,2,2.0,2,,
disease,NOUN+PROPN,1,2,2.0,2,,
equation,NOUN+PROPN,1,2,2.0,2,,
estate,NOUN+PROPN,1,2,2.0,2,,
fibromyalgia,NOUN+PROPN,1,2,2.0,2,,
gallon,NOUN+PROPN,1,2,2.0,2,,
gerber,NOUN+PROPN,1,2,2.0,2,,
hammer,NOUN+PROPN,1,2,2.0,2,,
handle,NOUN+PROPN,1,2,2.0,2,,
hippo,NOUN+PROPN,1,2,2.0,2,,
hire,NOUN+PROPN,1,2,2.0,2,,
hydration,NOUN+PROPN,1,2,2.0,2,,
jargon,NOUN+PROPN,1,2,2.0,2,,
journalism,NOUN+PROPN,1,2,2.0,2,,
kitchen,NOUN+PROPN,1,2,2.0,2,,
lawyer,NOUN+PROPN,1,2,2.0,2,,
legacy,NOUN+PROPN,1,2,2.0,2,,
lense,NOUN+PROPN,1,2,2.0,2,,
manipulator,NOUN+PROPN,1,2,2.0,2,,
messaging,NOUN+PROPN,1,2,2.0,2,,
milk,NOUN+PROPN,1,2,2.0,2,,
mum,NOUN+PROPN,1,2,2.0,2,,
niece,NOUN+PROPN,1,2,2.0,2,,
orb,NOUN+PROPN,1,2,2.0,2,,
owl,NOUN+PROPN,1,2,2.0,2,,
paperwork,NOUN+PROPN,1,2,2.0,2,,
pirating,NOUN+PROPN,1,2,2.0,2,,
podcaster,NOUN+PROPN,1,2,2.0,2,,
poly,NOUN+PROPN,1,2,2.0,2,,
pop,NOUN+PROPN,1,2,2.0,2,,
poster,NOUN+PROPN,1,2,2.0,2,,
quantum,NOUN+PROPN,1,2,2.0,2,,
retrograde,NOUN+PROPN,1,2,2.0,2,,
rise,NOUN+PROPN,1,2,2.0,2,,
score,NOUN+PROPN,1,2,2.0,2,,
screwdriver,NOUN+PROPN,1,2,2.0,2,,
separation,NOUN+PROPN,1,2,2.0,2,,
spot,NOUN+PROPN,1,2,2.0,2,,
star,NOUN+PROPN,1,2,2.0,2,,
stitche,NOUN+PROPN,1,2,2.0,2,,
supplies,NOUN+PROPN,1,2,2.0,2,,
sympatico,NOUN+PROPN,1,2,2.0,2,,
transition,NOUN+PROPN,1,2,2.0,2,,
unit,NOUN+PROPN,1,2,2.0,2,,
vet,NOUN+PROPN,1,2,2.0,2,,
-AI,NOUN+PROPN,1,1,1.0,1,,
-drawn,NOUN+PROPN,1,1,1.0,1,,
-genre,NOUN+PROPN,1,1,1.0,1,,
.AI,NOUN+PROPN,1,1,1.0,1,,
.gov,NOUN+PROPN,1,1,1.0,1,,
.org,NOUN+PROPN,1,1,1.0,1,,
1940s,NOUN+PROPN,1,1,1.0,1,,
2010s,NOUN+PROPN,1,1,1.0,1,,
5e,NOUN+PROPN,1,1,1.0,1,,
80s,NOUN+PROPN,1,1,1.0,1,,
90s,NOUN+PROPN,1,1,1.0,1,,
:EQ,NOUN+PROPN,1,1,1.0,1,,
A/,NOUN+PROPN,1,1,1.0,1,,
A4,NOUN+PROPN,1,1,1.0,1,,
ADHD,NOUN+PROPN,1,1,1.0,1,,
ALS,NOUN+PROPN,1,1,1.0,1,,
AU,NOUN+PROPN,1,1,1.0,1,,
AUstralia,NOUN+PROPN,1,1,1.0,1,,
Ableton,NOUN+PROPN,1,1,1.0,1,,
Act,NOUN+PROPN,1,1,1.0,1,,
Advertising,NOUN+PROPN,1,1,1.0,1,,
Alexa,NOUN+PROPN,1,1,1.0,1,,
Alice,NOUN+PROPN,1,1,1.0,1,,
America,NOUN+PROPN,1,1,1.0,1,,
Andrews,NOUN+PROPN,1,1,1.0,1,,
Anthropolgie,NOUN+PROPN,1,1,1.0,1,,
Apple,NOUN+PROPN,1,1,1.0,1,,
Arcs,NOUN+PROPN,1,1,1.0,1,,
Ars,NOUN+PROPN,1,1,1.0,1,,
Asmongold,NOUN+PROPN,1,1,1.0,1,,
Bali,NOUN+PROPN,1,1,1.0,1,,
Barnsbury,NOUN+PROPN,1,1,1.0,1,,
Bill,NOUN+PROPN,1,1,1.0,1,,
Blanche,NOUN+PROPN,1,1,1.0,1,,
Blockbuster,NOUN+PROPN,1,1,1.0,1,,
Broadway,NOUN+PROPN,1,1,1.0,1,,
Buddha,NOUN+PROPN,1,1,1.0,1,,
Business,NOUN+PROPN,1,1,1.0,1,,
CPC,NOUN+PROPN,1,1,1.0,1,,
Cancer,NOUN+PROPN,1,1,1.0,1,,
Captain,NOUN+PROPN,1,1,1.0,1,,
Caroline,NOUN+PROPN,1,1,1.0,1,,
Chapter,NOUN+PROPN,1,1,1.0,1,,
Character,NOUN+PROPN,1,1,1.0,1,,
Chekov,NOUN+PROPN,1,1,1.0,1,,
Chris,NOUN+PROPN,1,1,1.0,1,,
Clip,NOUN+PROPN,1,1,1.0,1,,
Clippy,NOUN+PROPN,1,1,1.0,1,,
Collection,NOUN+PROPN,1,1,1.0,1,,
Comedy,NOUN+PROPN,1,1,1.0,1,,
ComfyUI,NOUN+PROPN,1,1,1.0,1,,
Company,NOUN+PROPN,1,1,1.0,1,,
Computer,NOUN+PROPN,1,1,1.0,1,,
Conrad,NOUN+PROPN,1,1,1.0,1,,
ControlNet,NOUN+PROPN,1,1,1.0,1,,
Coriolis,NOUN+PROPN,1,1,1.0,1,,
Count,NOUN+PROPN,1,1,1.0,1,,
Creativity,NOUN+PROPN,1,1,1.0,1,,
Cuebric,NOUN+PROPN,1,1,1.0,1,,
DARPA,NOUN+PROPN,1,1,1.0,1,,
DR,NOUN+PROPN,1,1,1.0,1,,
Danger,NOUN+PROPN,1,1,1.0,1,,
Day,NOUN+PROPN,1,1,1.0,1,,
December,NOUN+PROPN,1,1,1.0,1,,
Delta,NOUN+PROPN,1,1,1.0,1,,
Dick,NOUN+PROPN,1,1,1.0,1,,
Diffusion,NOUN+PROPN,1,1,1.0,1,,
Disney,NOUN+PROPN,1,1,1.0,1,,
DnD,NOUN+PROPN,1,1,1.0,1,,
Dorothy,NOUN+PROPN,1,1,1.0,1,,
Draft,NOUN+PROPN,1,1,1.0,1,,
E,NOUN+PROPN,1,1,1.0,1,,
EDM,NOUN+PROPN,1,1,1.0,1,,
East,NOUN+PROPN,1,1,1.0,1,,
Easter,NOUN+PROPN,1,1,1.0,1,,
EasyEDA,NOUN+PROPN,1,1,1.0,1,,
Echoes,NOUN+PROPN,1,1,1.0,1,,
Energy,NOUN+PROPN,1,1,1.0,1,,
English,NOUN+PROPN,1,1,1.0,1,,
Evans,NOUN+PROPN,1,1,1.0,1,,
Excel,NOUN+PROPN,1,1,1.0,1,,
FBI,NOUN+PROPN,1,1,1.0,1,,
FIRE,NOUN+PROPN,1,1,1.0,1,,
FL,NOUN+PROPN,1,1,1.0,1,,
Facebook,NOUN+PROPN,1,1,1.0,1,,
Fi,NOUN+PROPN,1,1,1.0,1,,
Fiction,NOUN+PROPN,1,1,1.0,1,,
Fitzelbitter,NOUN+PROPN,1,1,1.0,1,,
Fiverr,NOUN+PROPN,1,1,1.0,1,,
France,NOUN+PROPN,1,1,1.0,1,,
Game,NOUN+PROPN,1,1,1.0,1,,
Gathering,NOUN+PROPN,1,1,1.0,1,,
GenAI,NOUN+PROPN,1,1,1.0,1,,
Genre,NOUN+PROPN,1,1,1.0,1,,
Ghost,NOUN+PROPN,1,1,1.0,1,,
Gimp,NOUN+PROPN,1,1,1.0,1,,
Gotham,NOUN+PROPN,1,1,1.0,1,,
Grammar,NOUN+PROPN,1,1,1.0,1,,
Green,NOUN+PROPN,1,1,1.0,1,,
Grok,NOUN+PROPN,1,1,1.0,1,,
Habakkuk,NOUN+PROPN,1,1,1.0,1,,
Habit,NOUN+PROPN,1,1,1.0,1,,
Halloween,NOUN+PROPN,1,1,1.0,1,,
Hamlet,NOUN+PROPN,1,1,1.0,1,,
Harry,NOUN+PROPN,1,1,1.0,1,,
Hearthstone,NOUN+PROPN,1,1,1.0,1,,
Henry,NOUN+PROPN,1,1,1.0,1,,
Home,NOUN+PROPN,1,1,1.0,1,,
Homebrewery,NOUN+PROPN,1,1,1.0,1,,
HunYuan3,NOUN+PROPN,1,1,1.0,1,,
Ian,NOUN+PROPN,1,1,1.0,1,,
Izotope,NOUN+PROPN,1,1,1.0,1,,
James,NOUN+PROPN,1,1,1.0,1,,
January,NOUN+PROPN,1,1,1.0,1,,
Jarvis,NOUN+PROPN,1,1,1.0,1,,
Jedi,NOUN+PROPN,1,1,1.0,1,,
Jeremiah,NOUN+PROPN,1,1,1.0,1,,
Johannsson,NOUN+PROPN,1,1,1.0,1,,
Joyce,NOUN+PROPN,1,1,1.0,1,,
June,NOUN+PROPN,1,1,1.0,1,,
KB,NOUN+PROPN,1,1,1.0,1,,
KDP,NOUN+PROPN,1,1,1.0,1,,
KPOP,NOUN+PROPN,1,1,1.0,1,,
Kindle,NOUN+PROPN,1,1,1.0,1,,
Krabby,NOUN+PROPN,1,1,1.0,1,,
Letter,NOUN+PROPN,1,1,1.0,1,,
Lifestyle,NOUN+PROPN,1,1,1.0,1,,
Lightroom,NOUN+PROPN,1,1,1.0,1,,
MLS,NOUN+PROPN,1,1,1.0,1,,
Magic,NOUN+PROPN,1,1,1.0,1,,
Magica,NOUN+PROPN,1,1,1.0,1,,
Man,NOUN+PROPN,1,1,1.0,1,,
Maps,NOUN+PROPN,1,1,1.0,1,,
May,NOUN+PROPN,1,1,1.0,1,,
Maya,NOUN+PROPN,1,1,1.0,1,,
McKay,NOUN+PROPN,1,1,1.0,1,,
Mehmet,NOUN+PROPN,1,1,1.0,1,,
Meta,NOUN+PROPN,1,1,1.0,1,,
Michael,NOUN+PROPN,1,1,1.0,1,,
Microsoft,NOUN+PROPN,1,1,1.0,1,,
Minecraft,NOUN+PROPN,1,1,1.0,1,,
Moby,NOUN+PROPN,1,1,1.0,1,,
Movie,NOUN+PROPN,1,1,1.0,1,,
Muffin,NOUN+PROPN,1,1,1.0,1,,
Mum,NOUN+PROPN,1,1,1.0,1,,
NDA,NOUN+PROPN,1,1,1.0,1,,
Nabokov,NOUN+PROPN,1,1,1.0,1,,
Nation,NOUN+PROPN,1,1,1.0,1,,
Neverwinter,NOUN+PROPN,1,1,1.0,1,,
Night,NOUN+PROPN,1,1,1.0,1,,
OBS,NOUN+PROPN,1,1,1.0,1,,
Ontarian,NOUN+PROPN,1,1,1.0,1,,
Ontario,NOUN+PROPN,1,1,1.0,1,,
OpenPose,NOUN+PROPN,1,1,1.0,1,,
OptiSign,NOUN+PROPN,1,1,1.0,1,,
PC,NOUN+PROPN,1,1,1.0,1,,
PEN,NOUN+PROPN,1,1,1.0,1,,
PG,NOUN+PROPN,1,1,1.0,1,,
Paint,NOUN+PROPN,1,1,1.0,1,,
Patties,NOUN+PROPN,1,1,1.0,1,,
Paul,NOUN+PROPN,1,1,1.0,1,,
Perplexity,NOUN+PROPN,1,1,1.0,1,,
Picasso,NOUN+PROPN,1,1,1.0,1,,
Pika,NOUN+PROPN,1,1,1.0,1,,
Pinterest,NOUN+PROPN,1,1,1.0,1,,
Pitch,NOUN+PROPN,1,1,1.0,1,,
Pixlr,NOUN+PROPN,1,1,1.0,1,,
Pokemon,NOUN+PROPN,1,1,1.0,1,,
Portugal,NOUN+PROPN,1,1,1.0,1,,
Positioning,NOUN+PROPN,1,1,1.0,1,,
Potter,NOUN+PROPN,1,1,1.0,1,,
PowerPoint,NOUN+PROPN,1,1,1.0,1,,
Pro,NOUN+PROPN,1,1,1.0,1,,
Procreate,NOUN+PROPN,1,1,1.0,1,,
Qatar,NOUN+PROPN,1,1,1.0,1,,
R2D2,NOUN+PROPN,1,1,1.0,1,,
Radical,NOUN+PROPN,1,1,1.0,1,,
Raven,NOUN+PROPN,1,1,1.0,1,,
Rebels,NOUN+PROPN,1,1,1.0,1,,
Reds,NOUN+PROPN,1,1,1.0,1,,
Reel,NOUN+PROPN,1,1,1.0,1,,
Rose,NOUN+PROPN,1,1,1.0,1,,
Runway,NOUN+PROPN,1,1,1.0,1,,
STL,NOUN+PROPN,1,1,1.0,1,,
SUNO,NOUN+PROPN,1,1,1.0,1,,
SVHS,NOUN+PROPN,1,1,1.0,1,,
Sci,NOUN+PROPN,1,1,1.0,1,,
Science,NOUN+PROPN,1,1,1.0,1,,
Seasons,NOUN+PROPN,1,1,1.0,1,,
Secrets,NOUN+PROPN,1,1,1.0,1,,
September,NOUN+PROPN,1,1,1.0,1,,
Shakespeare,NOUN+PROPN,1,1,1.0,1,,
Sims,NOUN+PROPN,1,1,1.0,1,,
Sonible,NOUN+PROPN,1,1,1.0,1,,
Sophia,NOUN+PROPN,1,1,1.0,1,,
Splice,NOUN+PROPN,1,1,1.0,1,,
SpongeBob,NOUN+PROPN,1,1,1.0,1,,
Stable,NOUN+PROPN,1,1,1.0,1,,
Steven,NOUN+PROPN,1,1,1.0,1,,
Student,NOUN+PROPN,1,1,1.0,1,,
Studio,NOUN+PROPN,1,1,1.0,1,,
Sun,NOUN+PROPN,1,1,1.0,1,,
Swellview,NOUN+PROPN,1,1,1.0,1,,
Switzerland,NOUN+PROPN,1,1,1.0,1,,
Syncing,NOUN+PROPN,1,1,1.0,1,,
TIkTok,NOUN+PROPN,1,1,1.0,1,,
TOS,NOUN+PROPN,1,1,1.0,1,,
TTRPG,NOUN+PROPN,1,1,1.0,1,,
Target,NOUN+PROPN,1,1,1.0,1,,
Terminator,NOUN+PROPN,1,1,1.0,1,,
Thailand,NOUN+PROPN,1,1,1.0,1,,
Thessaloniki,NOUN+PROPN,1,1,1.0,1,,
Thursday,NOUN+PROPN,1,1,1.0,1,,
Titan,NOUN+PROPN,1,1,1.0,1,,
Tuesday,NOUN+PROPN,1,1,1.0,1,,
UK,NOUN+PROPN,1,1,1.0,1,,
Udio,NOUN+PROPN,1,1,1.0,1,,
Universe,NOUN+PROPN,1,1,1.0,1,,
Unlimited,NOUN+PROPN,1,1,1.0,1,,
VC,NOUN+PROPN,1,1,1.0,1,,
VOD,NOUN+PROPN,1,1,1.0,1,,
VR,NOUN+PROPN,1,1,1.0,1,,
Vogue,NOUN+PROPN,1,1,1.0,1,,
Wacom,NOUN+PROPN,1,1,1.0,1,,
War,NOUN+PROPN,1,1,1.0,1,,
Wednesday,NOUN+PROPN,1,1,1.0,1,,
Week,NOUN+PROPN,1,1,1.0,1,,
Wiki,NOUN+PROPN,1,1,1.0,1,,
Wonderdraft,NOUN+PROPN,1,1,1.0,1,,
Wonderland,NOUN+PROPN,1,1,1.0,1,,
Wordpress,NOUN+PROPN,1,1,1.0,1,,
Works,NOUN+PROPN,1,1,1.0,1,,
World,NOUN+PROPN,1,1,1.0,1,,
YT,NOUN+PROPN,1,1,1.0,1,,
Zeitgeist,NOUN+PROPN,1,1,1.0,1,,
a.m.,NOUN+PROPN,1,1,1.0,1,,
abab,NOUN+PROPN,1,1,1.0,1,,
abstraction,NOUN+PROPN,1,1,1.0,1,,
abuse,NOUN+PROPN,1,1,1.0,1,,
accent,NOUN+PROPN,1,1,1.0,1,,
acceptance,NOUN+PROPN,1,1,1.0,1,,
accident,NOUN+PROPN,1,1,1.0,1,,
accordance,NOUN+PROPN,1,1,1.0,1,,
accountability,NOUN+PROPN,1,1,1.0,1,,
acrylics,NOUN+PROPN,1,1,1.0,1,,
activation,NOUN+PROPN,1,1,1.0,1,,
actress,NOUN+PROPN,1,1,1.0,1,,
advance,NOUN+PROPN,1,1,1.0,1,,
advancement,NOUN+PROPN,1,1,1.0,1,,
adversary,NOUN+PROPN,1,1,1.0,1,,
advert,NOUN+PROPN,1,1,1.0,1,,
advertisement,NOUN+PROPN,1,1,1.0,1,,
advertising,NOUN+PROPN,1,1,1.0,1,,
aesthetics,NOUN+PROPN,1,1,1.0,1,,
affaris,NOUN+PROPN,1,1,1.0,1,,
afterhour,NOUN+PROPN,1,1,1.0,1,,
afternoon,NOUN+PROPN,1,1,1.0,1,,
agi,NOUN+PROPN,1,1,1.0,1,,
aide,NOUN+PROPN,1,1,1.0,1,,
aim,NOUN+PROPN,1,1,1.0,1,,
alien,NOUN+PROPN,1,1,1.0,1,,
alignment,NOUN+PROPN,1,1,1.0,1,,
alteration,NOUN+PROPN,1,1,1.0,1,,
aluminum,NOUN+PROPN,1,1,1.0,1,,
amazon,NOUN+PROPN,1,1,1.0,1,,
ambition,NOUN+PROPN,1,1,1.0,1,,
amp,NOUN+PROPN,1,1,1.0,1,,
amphibian,NOUN+PROPN,1,1,1.0,1,,
analogy,NOUN+PROPN,1,1,1.0,1,,
analytics,NOUN+PROPN,1,1,1.0,1,,
anatomy,NOUN+PROPN,1,1,1.0,1,,
android,NOUN+PROPN,1,1,1.0,1,,
anecdote,NOUN+PROPN,1,1,1.0,1,,
angel,NOUN+PROPN,1,1,1.0,1,,
anime,NOUN+PROPN,1,1,1.0,1,,
announcement,NOUN+PROPN,1,1,1.0,1,,
annoyance,NOUN+PROPN,1,1,1.0,1,,
antagonist,NOUN+PROPN,1,1,1.0,1,,
anthropomorphizing,NOUN+PROPN,1,1,1.0,1,,
aphantasia,NOUN+PROPN,1,1,1.0,1,,
apology,NOUN+PROPN,1,1,1.0,1,,
appearance,NOUN+PROPN,1,1,1.0,1,,
appointment,NOUN+PROPN,1,1,1.0,1,,
appreciation,NOUN+PROPN,1,1,1.0,1,,
arena,NOUN+PROPN,1,1,1.0,1,,
arm,NOUN+PROPN,1,1,1.0,1,,
arrangement,NOUN+PROPN,1,1,1.0,1,,
arsenal,NOUN+PROPN,1,1,1.0,1,,
artefact,NOUN+PROPN,1,1,1.0,1,,
artform,NOUN+PROPN,1,1,1.0,1,,
artistry,NOUN+PROPN,1,1,1.0,1,,
asd,NOUN+PROPN,1,1,1.0,1,,
assist,NOUN+PROPN,1,1,1.0,1,,
associate,NOUN+PROPN,1,1,1.0,1,,
astronomy,NOUN+PROPN,1,1,1.0,1,,
astrophysics,NOUN+PROPN,1,1,1.0,1,,
atrophy,NOUN+PROPN,1,1,1.0,1,,
attack,NOUN+PROPN,1,1,1.0,1,,
attendee,NOUN+PROPN,1,1,1.0,1,,
autumn,NOUN+PROPN,1,1,1.0,1,,
aversion,NOUN+PROPN,1,1,1.0,1,,
avionics,NOUN+PROPN,1,1,1.0,1,,
bachelor,NOUN+PROPN,1,1,1.0,1,,
backstop,NOUN+PROPN,1,1,1.0,1,,
bag,NOUN+PROPN,1,1,1.0,1,,
balancing,NOUN+PROPN,1,1,1.0,1,,
ballet,NOUN+PROPN,1,1,1.0,1,,
ballroom,NOUN+PROPN,1,1,1.0,1,,
bam,NOUN+PROPN,1,1,1.0,1,,
banana,NOUN+PROPN,1,1,1.0,1,,
bank,NOUN+PROPN,1,1,1.0,1,,
barebone,NOUN+PROPN,1,1,1.0,1,,
baseline,NOUN+PROPN,1,1,1.0,1,,
battle,NOUN+PROPN,1,1,1.0,1,,
bazillion,NOUN+PROPN,1,1,1.0,1,,
beach,NOUN+PROPN,1,1,1.0,1,,
bean,NOUN+PROPN,1,1,1.0,1,,
beating,NOUN+PROPN,1,1,1.0,1,,
beauty,NOUN+PROPN,1,1,1.0,1,,
bedroom,NOUN+PROPN,1,1,1.0,1,,
beef,NOUN+PROPN,1,1,1.0,1,,
behalf,NOUN+PROPN,1,1,1.0,1,,
behaviour,NOUN+PROPN,1,1,1.0,1,,
believer,NOUN+PROPN,1,1,1.0,1,,
berries,NOUN+PROPN,1,1,1.0,1,,
bet,NOUN+PROPN,1,1,1.0,1,,
billion,NOUN+PROPN,1,1,1.0,1,,
bin,NOUN+PROPN,1,1,1.0,1,,
bind,NOUN+PROPN,1,1,1.0,1,,
biologist,NOUN+PROPN,1,1,1.0,1,,
birthday,NOUN+PROPN,1,1,1.0,1,,
blank,NOUN+PROPN,1,1,1.0,1,,
blanket,NOUN+PROPN,1,1,1.0,1,,
blub,NOUN+PROPN,1,1,1.0,1,,
blubbery,NOUN+PROPN,1,1,1.0,1,,
boil,NOUN+PROPN,1,1,1.0,1,,
bomb,NOUN+PROPN,1,1,1.0,1,,
bond,NOUN+PROPN,1,1,1.0,1,,
bone,NOUN+PROPN,1,1,1.0,1,,
booking,NOUN+PROPN,1,1,1.0,1,,
boom,NOUN+PROPN,1,1,1.0,1,,
boon,NOUN+PROPN,1,1,1.0,1,,
boost,NOUN+PROPN,1,1,1.0,1,,
boot,NOUN+PROPN,1,1,1.0,1,,
boutique,NOUN+PROPN,1,1,1.0,1,,
bow,NOUN+PROPN,1,1,1.0,1,,
branching,NOUN+PROPN,1,1,1.0,1,,
breaking,NOUN+PROPN,1,1,1.0,1,,
breath,NOUN+PROPN,1,1,1.0,1,,
bride,NOUN+PROPN,1,1,1.0,1,,
bridge,NOUN+PROPN,1,1,1.0,1,,
brute,NOUN+PROPN,1,1,1.0,1,,
budgetary,NOUN+PROPN,1,1,1.0,1,,
budgeting,NOUN+PROPN,1,1,1.0,1,,
build,NOUN+PROPN,1,1,1.0,1,,
builder,NOUN+PROPN,1,1,1.0,1,,
bummer,NOUN+PROPN,1,1,1.0,1,,
burn,NOUN+PROPN,1,1,1.0,1,,
burst,NOUN+PROPN,1,1,1.0,1,,
busyness,NOUN+PROPN,1,1,1.0,1,,
buzze,NOUN+PROPN,1,1,1.0,1,,
bye,NOUN+PROPN,1,1,1.0,1,,
cable,NOUN+PROPN,1,1,1.0,1,,
cadence,NOUN+PROPN,1,1,1.0,1,,
cafe,NOUN+PROPN,1,1,1.0,1,,
cake,NOUN+PROPN,1,1,1.0,1,,
calculation,NOUN+PROPN,1,1,1.0,1,,
capitalist,NOUN+PROPN,1,1,1.0,1,,
capture,NOUN+PROPN,1,1,1.0,1,,
carbon,NOUN+PROPN,1,1,1.0,1,,
carve,NOUN+PROPN,1,1,1.0,1,,
carving,NOUN+PROPN,1,1,1.0,1,,
cascade,NOUN+PROPN,1,1,1.0,1,,
caselaw,NOUN+PROPN,1,1,1.0,1,,
cash,NOUN+PROPN,1,1,1.0,1,,
casting,NOUN+PROPN,1,1,1.0,1,,
catalyst,NOUN+PROPN,1,1,1.0,1,,
catching,NOUN+PROPN,1,1,1.0,1,,
cent,NOUN+PROPN,1,1,1.0,1,,
changer,NOUN+PROPN,1,1,1.0,1,,
chaos,NOUN+PROPN,1,1,1.0,1,,
chapbook,NOUN+PROPN,1,1,1.0,1,,
characterisation,NOUN+PROPN,1,1,1.0,1,,
characteristic,NOUN+PROPN,1,1,1.0,1,,
cheater,NOUN+PROPN,1,1,1.0,1,,
cheating,NOUN+PROPN,1,1,1.0,1,,
checkerboard,NOUN+PROPN,1,1,1.0,1,,
china,NOUN+PROPN,1,1,1.0,1,,
choose,NOUN+PROPN,1,1,1.0,1,,
chorography,NOUN+PROPN,1,1,1.0,1,,
cinema,NOUN+PROPN,1,1,1.0,1,,
cinematography,NOUN+PROPN,1,1,1.0,1,,
circle,NOUN+PROPN,1,1,1.0,1,,
circus,NOUN+PROPN,1,1,1.0,1,,
citation,NOUN+PROPN,1,1,1.0,1,,
civilization,NOUN+PROPN,1,1,1.0,1,,
claim,NOUN+PROPN,1,1,1.0,1,,
clarity,NOUN+PROPN,1,1,1.0,1,,
classic,NOUN+PROPN,1,1,1.0,1,,
clause,NOUN+PROPN,1,1,1.0,1,,
cleaner,NOUN+PROPN,1,1,1.0,1,,
clent,NOUN+PROPN,1,1,1.0,1,,
clich,NOUN+PROPN,1,1,1.0,1,,
click,NOUN+PROPN,1,1,1.0,1,,
clipping,NOUN+PROPN,1,1,1.0,1,,
clock,NOUN+PROPN,1,1,1.0,1,,
cloning,NOUN+PROPN,1,1,1.0,1,,
closing,NOUN+PROPN,1,1,1.0,1,,
cnc,NOUN+PROPN,1,1,1.0,1,,
co-pilot,NOUN+PROPN,1,1,1.0,1,,
co-writing,NOUN+PROPN,1,1,1.0,1,,
coast,NOUN+PROPN,1,1,1.0,1,,
coat,NOUN+PROPN,1,1,1.0,1,,
coder,NOUN+PROPN,1,1,1.0,1,,
cohesiveness,NOUN+PROPN,1,1,1.0,1,,
collab,NOUN+PROPN,1,1,1.0,1,,
collateral,NOUN+PROPN,1,1,1.0,1,,
collector,NOUN+PROPN,1,1,1.0,1,,
college,NOUN+PROPN,1,1,1.0,1,,
colorism,NOUN+PROPN,1,1,1.0,1,,
comedian,NOUN+PROPN,1,1,1.0,1,,
comfort,NOUN+PROPN,1,1,1.0,1,,
comma,NOUN+PROPN,1,1,1.0,1,,
command,NOUN+PROPN,1,1,1.0,1,,
commas,NOUN+PROPN,1,1,1.0,1,,
commentary,NOUN+PROPN,1,1,1.0,1,,
commissioning,NOUN+PROPN,1,1,1.0,1,,
commitment,NOUN+PROPN,1,1,1.0,1,,
comp,NOUN+PROPN,1,1,1.0,1,,
companion,NOUN+PROPN,1,1,1.0,1,,
competency,NOUN+PROPN,1,1,1.0,1,,
compiler,NOUN+PROPN,1,1,1.0,1,,
complany,NOUN+PROPN,1,1,1.0,1,,
completion,NOUN+PROPN,1,1,1.0,1,,
complication,NOUN+PROPN,1,1,1.0,1,,
compositing,NOUN+PROPN,1,1,1.0,1,,
concentration,NOUN+PROPN,1,1,1.0,1,,
concise,NOUN+PROPN,1,1,1.0,1,,
conclusion,NOUN+PROPN,1,1,1.0,1,,
concrete,NOUN+PROPN,1,1,1.0,1,,
confirmation,NOUN+PROPN,1,1,1.0,1,,
consent,NOUN+PROPN,1,1,1.0,1,,
console,NOUN+PROPN,1,1,1.0,1,,
construction,NOUN+PROPN,1,1,1.0,1,,
continent,NOUN+PROPN,1,1,1.0,1,,
continuity,NOUN+PROPN,1,1,1.0,1,,
contracting,NOUN+PROPN,1,1,1.0,1,,
convention,NOUN+PROPN,1,1,1.0,1,,
coordinate,NOUN+PROPN,1,1,1.0,1,,
cop,NOUN+PROPN,1,1,1.0,1,,
copyeditor,NOUN+PROPN,1,1,1.0,1,,
copystrike,NOUN+PROPN,1,1,1.0,1,,
correct,NOUN+PROPN,1,1,1.0,1,,
correspondance,NOUN+PROPN,1,1,1.0,1,,
costar,NOUN+PROPN,1,1,1.0,1,,
counsellor,NOUN+PROPN,1,1,1.0,1,,
counter,NOUN+PROPN,1,1,1.0,1,,
counterculture,NOUN+PROPN,1,1,1.0,1,,
court,NOUN+PROPN,1,1,1.0,1,,
coworker,NOUN+PROPN,1,1,1.0,1,,
crack,NOUN+PROPN,1,1,1.0,1,,
crafter,NOUN+PROPN,1,1,1.0,1,,
craftsman,NOUN+PROPN,1,1,1.0,1,,
craftsmanship,NOUN+PROPN,1,1,1.0,1,,
cranny,NOUN+PROPN,1,1,1.0,1,,
crapshoot,NOUN+PROPN,1,1,1.0,1,,
creaitivty,NOUN+PROPN,1,1,1.0,1,,
create,NOUN+PROPN,1,1,1.0,1,,
creativeness,NOUN+PROPN,1,1,1.0,1,,
crew,NOUN+PROPN,1,1,1.0,1,,
crisis,NOUN+PROPN,1,1,1.0,1,,
critic,NOUN+PROPN,1,1,1.0,1,,
crocodilian,NOUN+PROPN,1,1,1.0,1,,
crop,NOUN+PROPN,1,1,1.0,1,,
cross,NOUN+PROPN,1,1,1.0,1,,
crossover,NOUN+PROPN,1,1,1.0,1,,
culling,NOUN+PROPN,1,1,1.0,1,,
curator,NOUN+PROPN,1,1,1.0,1,,
curiosity,NOUN+PROPN,1,1,1.0,1,,
cushion,NOUN+PROPN,1,1,1.0,1,,
cutout,NOUN+PROPN,1,1,1.0,1,,
cutscene,NOUN+PROPN,1,1,1.0,1,,
dad,NOUN+PROPN,1,1,1.0,1,,
danger,NOUN+PROPN,1,1,1.0,1,,
darkness,NOUN+PROPN,1,1,1.0,1,,
dash,NOUN+PROPN,1,1,1.0,1,,
dataset,NOUN+PROPN,1,1,1.0,1,,
dawn,NOUN+PROPN,1,1,1.0,1,,
de,NOUN+PROPN,1,1,1.0,1,,
de-value,NOUN+PROPN,1,1,1.0,1,,
debugging,NOUN+PROPN,1,1,1.0,1,,
debut,NOUN+PROPN,1,1,1.0,1,,
decaf,NOUN+PROPN,1,1,1.0,1,,
decider,NOUN+PROPN,1,1,1.0,1,,
decrease,NOUN+PROPN,1,1,1.0,1,,
default,NOUN+PROPN,1,1,1.0,1,,
defect,NOUN+PROPN,1,1,1.0,1,,
deformity,NOUN+PROPN,1,1,1.0,1,,
degradation,NOUN+PROPN,1,1,1.0,1,,
deity,NOUN+PROPN,1,1,1.0,1,,
deliberation,NOUN+PROPN,1,1,1.0,1,,
delivery,NOUN+PROPN,1,1,1.0,1,,
demonstration,NOUN+PROPN,1,1,1.0,1,,
denoise,NOUN+PROPN,1,1,1.0,1,,
departure,NOUN+PROPN,1,1,1.0,1,,
dependence,NOUN+PROPN,1,1,1.0,1,,
desert,NOUN+PROPN,1,1,1.0,1,,
desktop,NOUN+PROPN,1,1,1.0,1,,
detector,NOUN+PROPN,1,1,1.0,1,,
dev,NOUN+PROPN,1,1,1.0,1,,
diary,NOUN+PROPN,1,1,1.0,1,,
dictaphone,NOUN+PROPN,1,1,1.0,1,,
dictionary,NOUN+PROPN,1,1,1.0,1,,
diet,NOUN+PROPN,1,1,1.0,1,,
diggity,NOUN+PROPN,1,1,1.0,1,,
dilution,NOUN+PROPN,1,1,1.0,1,,
dining,NOUN+PROPN,1,1,1.0,1,,
dip,NOUN+PROPN,1,1,1.0,1,,
discernment,NOUN+PROPN,1,1,1.0,1,,
dish,NOUN+PROPN,1,1,1.0,1,,
dishwasher,NOUN+PROPN,1,1,1.0,1,,
disruption,NOUN+PROPN,1,1,1.0,1,,
disruptor,NOUN+PROPN,1,1,1.0,1,,
distinction,NOUN+PROPN,1,1,1.0,1,,
distribution,NOUN+PROPN,1,1,1.0,1,,
distributor,NOUN+PROPN,1,1,1.0,1,,
division,NOUN+PROPN,1,1,1.0,1,,
diy,NOUN+PROPN,1,1,1.0,1,,
dollar,NOUN+PROPN,1,1,1.0,1,,
doodle,NOUN+PROPN,1,1,1.0,1,,
doomerism,NOUN+PROPN,1,1,1.0,1,,
dormancy,NOUN+PROPN,1,1,1.0,1,,
dress,NOUN+PROPN,1,1,1.0,1,,
drift,NOUN+PROPN,1,1,1.0,1,,
drinking,NOUN+PROPN,1,1,1.0,1,,
drive,NOUN+PROPN,1,1,1.0,1,,
drudge,NOUN+PROPN,1,1,1.0,1,,
drum,NOUN+PROPN,1,1,1.0,1,,
drying,NOUN+PROPN,1,1,1.0,1,,
dsp,NOUN+PROPN,1,1,1.0,1,,
duck,NOUN+PROPN,1,1,1.0,1,,
dummy,NOUN+PROPN,1,1,1.0,1,,
dump,NOUN+PROPN,1,1,1.0,1,,
duplication,NOUN+PROPN,1,1,1.0,1,,
duty,NOUN+PROPN,1,1,1.0,1,,
dynamic,NOUN+PROPN,1,1,1.0,1,,
e.g.,NOUN+PROPN,1,1,1.0,1,,
ear,NOUN+PROPN,1,1,1.0,1,,
earnings,NOUN+PROPN,1,1,1.0,1,,
earth,NOUN+PROPN,1,1,1.0,1,,
easel,NOUN+PROPN,1,1,1.0,1,,
economy,NOUN+PROPN,1,1,1.0,1,,
edition,NOUN+PROPN,1,1,1.0,1,,
edu,NOUN+PROPN,1,1,1.0,1,,
educator,NOUN+PROPN,1,1,1.0,1,,
egg,NOUN+PROPN,1,1,1.0,1,,
elaboration,NOUN+PROPN,1,1,1.0,1,,
electricity,NOUN+PROPN,1,1,1.0,1,,
elephant,NOUN+PROPN,1,1,1.0,1,,
embarrassment,NOUN+PROPN,1,1,1.0,1,,
emdash,NOUN+PROPN,1,1,1.0,1,,
employee,NOUN+PROPN,1,1,1.0,1,,
encounter,NOUN+PROPN,1,1,1.0,1,,
encouragement,NOUN+PROPN,1,1,1.0,1,,
ending,NOUN+PROPN,1,1,1.0,1,,
enhancement,NOUN+PROPN,1,1,1.0,1,,
enjoyment,NOUN+PROPN,1,1,1.0,1,,
enneagram,NOUN+PROPN,1,1,1.0,1,,
enterprise,NOUN+PROPN,1,1,1.0,1,,
enthusiasm,NOUN+PROPN,1,1,1.0,1,,
envelope,NOUN+PROPN,1,1,1.0,1,,
ep,NOUN+PROPN,1,1,1.0,1,,
ephemera,NOUN+PROPN,1,1,1.0,1,,
eps,NOUN+PROPN,1,1,1.0,1,,
equivalent,NOUN+PROPN,1,1,1.0,1,,
esteem,NOUN+PROPN,1,1,1.0,1,,
estimate,NOUN+PROPN,1,1,1.0,1,,
etymology,NOUN+PROPN,1,1,1.0,1,,
euthanasia,NOUN+PROPN,1,1,1.0,1,,
evidence,NOUN+PROPN,1,1,1.0,1,,
exchange,NOUN+PROPN,1,1,1.0,1,,
execution,NOUN+PROPN,1,1,1.0,1,,
executive,NOUN+PROPN,1,1,1.0,1,,
expansion,NOUN+PROPN,1,1,1.0,1,,
expenditure,NOUN+PROPN,1,1,1.0,1,,
expense,NOUN+PROPN,1,1,1.0,1,,
experimentation,NOUN+PROPN,1,1,1.0,1,,
explainer,NOUN+PROPN,1,1,1.0,1,,
explanation,NOUN+PROPN,1,1,1.0,1,,
expresso,NOUN+PROPN,1,1,1.0,1,,
eyeball,NOUN+PROPN,1,1,1.0,1,,
fabric,NOUN+PROPN,1,1,1.0,1,,
faceplate,NOUN+PROPN,1,1,1.0,1,,
facet,NOUN+PROPN,1,1,1.0,1,,
facilitator,NOUN+PROPN,1,1,1.0,1,,
faction,NOUN+PROPN,1,1,1.0,1,,
facto,NOUN+PROPN,1,1,1.0,1,,
factory,NOUN+PROPN,1,1,1.0,1,,
factuality,NOUN+PROPN,1,1,1.0,1,,
fad,NOUN+PROPN,1,1,1.0,1,,
failure,NOUN+PROPN,1,1,1.0,1,,
faking,NOUN+PROPN,1,1,1.0,1,,
fallback,NOUN+PROPN,1,1,1.0,1,,
farm,NOUN+PROPN,1,1,1.0,1,,
father,NOUN+PROPN,1,1,1.0,1,,
favela,NOUN+PROPN,1,1,1.0,1,,
featurism,NOUN+PROPN,1,1,1.0,1,,
fern,NOUN+PROPN,1,1,1.0,1,,
fiddling,NOUN+PROPN,1,1,1.0,1,,
fillling,NOUN+PROPN,1,1,1.0,1,,
financing,NOUN+PROPN,1,1,1.0,1,,
fisherman,NOUN+PROPN,1,1,1.0,1,,
fitness,NOUN+PROPN,1,1,1.0,1,,
flag,NOUN+PROPN,1,1,1.0,1,,
flair,NOUN+PROPN,1,1,1.0,1,,
flake,NOUN+PROPN,1,1,1.0,1,,
flame,NOUN+PROPN,1,1,1.0,1,,
flick,NOUN+PROPN,1,1,1.0,1,,
flight,NOUN+PROPN,1,1,1.0,1,,
flirtatiousness,NOUN+PROPN,1,1,1.0,1,,
flood,NOUN+PROPN,1,1,1.0,1,,
flooding,NOUN+PROPN,1,1,1.0,1,,
floppish,NOUN+PROPN,1,1,1.0,1,,
fluff,NOUN+PROPN,1,1,1.0,1,,
fluid,NOUN+PROPN,1,1,1.0,1,,
fluke,NOUN+PROPN,1,1,1.0,1,,
fog,NOUN+PROPN,1,1,1.0,1,,
foliage,NOUN+PROPN,1,1,1.0,1,,
folk,NOUN+PROPN,1,1,1.0,1,,
folklore,NOUN+PROPN,1,1,1.0,1,,
foot,NOUN+PROPN,1,1,1.0,1,,
football,NOUN+PROPN,1,1,1.0,1,,
footswitch,NOUN+PROPN,1,1,1.0,1,,
former,NOUN+PROPN,1,1,1.0,1,,
forte,NOUN+PROPN,1,1,1.0,1,,
foudn,NOUN+PROPN,1,1,1.0,1,,
founder,NOUN+PROPN,1,1,1.0,1,,
fountain,NOUN+PROPN,1,1,1.0,1,,
fraction,NOUN+PROPN,1,1,1.0,1,,
franchise,NOUN+PROPN,1,1,1.0,1,,
fraud,NOUN+PROPN,1,1,1.0,1,,
freeform,NOUN+PROPN,1,1,1.0,1,,
frog,NOUN+PROPN,1,1,1.0,1,,
frontier,NOUN+PROPN,1,1,1.0,1,,
frustration,NOUN+PROPN,1,1,1.0,1,,
fulfillment,NOUN+PROPN,1,1,1.0,1,,
functionality,NOUN+PROPN,1,1,1.0,1,,
fund,NOUN+PROPN,1,1,1.0,1,,
fundamental,NOUN+PROPN,1,1,1.0,1,,
fusion,NOUN+PROPN,1,1,1.0,1,,
gain,NOUN+PROPN,1,1,1.0,1,,
gamebook,NOUN+PROPN,1,1,1.0,1,,
gamemaster,NOUN+PROPN,1,1,1.0,1,,
gamut,NOUN+PROPN,1,1,1.0,1,,
gatekeeper,NOUN+PROPN,1,1,1.0,1,,
gathering,NOUN+PROPN,1,1,1.0,1,,
gel,NOUN+PROPN,1,1,1.0,1,,
generalist,NOUN+PROPN,1,1,1.0,1,,
generating,NOUN+PROPN,1,1,1.0,1,,
get,NOUN+PROPN,1,1,1.0,1,,
ghibli,NOUN+PROPN,1,1,1.0,1,,
gimp,NOUN+PROPN,1,1,1.0,1,,
girl,NOUN+PROPN,1,1,1.0,1,,
gist,NOUN+PROPN,1,1,1.0,1,,
give,NOUN+PROPN,1,1,1.0,1,,
giveaway,NOUN+PROPN,1,1,1.0,1,,
glass,NOUN+PROPN,1,1,1.0,1,,
glasses,NOUN+PROPN,1,1,1.0,1,,
glimpse,NOUN+PROPN,1,1,1.0,1,,
glow,NOUN+PROPN,1,1,1.0,1,,
googling,NOUN+PROPN,1,1,1.0,1,,
googly,NOUN+PROPN,1,1,1.0,1,,
gospel,NOUN+PROPN,1,1,1.0,1,,
grad,NOUN+PROPN,1,1,1.0,1,,
grandfather,NOUN+PROPN,1,1,1.0,1,,
granny,NOUN+PROPN,1,1,1.0,1,,
graph,NOUN+PROPN,1,1,1.0,1,,
grasp,NOUN+PROPN,1,1,1.0,1,,
gratitude,NOUN+PROPN,1,1,1.0,1,,
grey,NOUN+PROPN,1,1,1.0,1,,
grounding,NOUN+PROPN,1,1,1.0,1,,
growth,NOUN+PROPN,1,1,1.0,1,,
guesse,NOUN+PROPN,1,1,1.0,1,,
guilt,NOUN+PROPN,1,1,1.0,1,,
guitar,NOUN+PROPN,1,1,1.0,1,,
guitarist,NOUN+PROPN,1,1,1.0,1,,
gullibility,NOUN+PROPN,1,1,1.0,1,,
gun,NOUN+PROPN,1,1,1.0,1,,
gunpoint,NOUN+PROPN,1,1,1.0,1,,
gut,NOUN+PROPN,1,1,1.0,1,,
guy,NOUN+PROPN,1,1,1.0,1,,
handholding,NOUN+PROPN,1,1,1.0,1,,
handmade,NOUN+PROPN,1,1,1.0,1,,
happening,NOUN+PROPN,1,1,1.0,1,,
hardline,NOUN+PROPN,1,1,1.0,1,,
hardware,NOUN+PROPN,1,1,1.0,1,,
harmony,NOUN+PROPN,1,1,1.0,1,,
haystack,NOUN+PROPN,1,1,1.0,1,,
headcount,NOUN+PROPN,1,1,1.0,1,,
header,NOUN+PROPN,1,1,1.0,1,,
headline,NOUN+PROPN,1,1,1.0,1,,
headquarters,NOUN+PROPN,1,1,1.0,1,,
headshot,NOUN+PROPN,1,1,1.0,1,,
heal,NOUN+PROPN,1,1,1.0,1,,
heartbeat,NOUN+PROPN,1,1,1.0,1,,
heat,NOUN+PROPN,1,1,1.0,1,,
hedgehog,NOUN+PROPN,1,1,1.0,1,,
heist,NOUN+PROPN,1,1,1.0,1,,
helpfulness,NOUN+PROPN,1,1,1.0,1,,
heroine,NOUN+PROPN,1,1,1.0,1,,
highlight,NOUN+PROPN,1,1,1.0,1,,
hint,NOUN+PROPN,1,1,1.0,1,,
hobbyist,NOUN+PROPN,1,1,1.0,1,,
holder,NOUN+PROPN,1,1,1.0,1,,
homework,NOUN+PROPN,1,1,1.0,1,,
hotel,NOUN+PROPN,1,1,1.0,1,,
household,NOUN+PROPN,1,1,1.0,1,,
housing,NOUN+PROPN,1,1,1.0,1,,
htDemucs,NOUN+PROPN,1,1,1.0,1,,
hue,NOUN+PROPN,1,1,1.0,1,,
hum,NOUN+PROPN,1,1,1.0,1,,
humankind,NOUN+PROPN,1,1,1.0,1,,
hunting,NOUN+PROPN,1,1,1.0,1,,
hurdle,NOUN+PROPN,1,1,1.0,1,,
hurricane,NOUN+PROPN,1,1,1.0,1,,
hustle,NOUN+PROPN,1,1,1.0,1,,
hybrid,NOUN+PROPN,1,1,1.0,1,,
hydrating,NOUN+PROPN,1,1,1.0,1,,
hypothetical,NOUN+PROPN,1,1,1.0,1,,
iZotope,NOUN+PROPN,1,1,1.0,1,,
ice,NOUN+PROPN,1,1,1.0,1,,
ide,NOUN+PROPN,1,1,1.0,1,,
identifier,NOUN+PROPN,1,1,1.0,1,,
idiom,NOUN+PROPN,1,1,1.0,1,,
illusion,NOUN+PROPN,1,1,1.0,1,,
imaging,NOUN+PROPN,1,1,1.0,1,,
imitation,NOUN+PROPN,1,1,1.0,1,,
immersion,NOUN+PROPN,1,1,1.0,1,,
immigrant,NOUN+PROPN,1,1,1.0,1,,
impartiality,NOUN+PROPN,1,1,1.0,1,,
impediment,NOUN+PROPN,1,1,1.0,1,,
imposter,NOUN+PROPN,1,1,1.0,1,,
improve,NOUN+PROPN,1,1,1.0,1,,
increase,NOUN+PROPN,1,1,1.0,1,,
independence,NOUN+PROPN,1,1,1.0,1,,
indexing,NOUN+PROPN,1,1,1.0,1,,
inflation,NOUN+PROPN,1,1,1.0,1,,
influx,NOUN+PROPN,1,1,1.0,1,,
infographics,NOUN+PROPN,1,1,1.0,1,,
infringement,NOUN+PROPN,1,1,1.0,1,,
ingredient,NOUN+PROPN,1,1,1.0,1,,
injection,NOUN+PROPN,1,1,1.0,1,,
ins,NOUN+PROPN,1,1,1.0,1,,
insect,NOUN+PROPN,1,1,1.0,1,,
insert,NOUN+PROPN,1,1,1.0,1,,
instagram,NOUN+PROPN,1,1,1.0,1,,
instant,NOUN+PROPN,1,1,1.0,1,,
instnace,NOUN+PROPN,1,1,1.0,1,,
instrumental,NOUN+PROPN,1,1,1.0,1,,
intellectual,NOUN+PROPN,1,1,1.0,1,,
intelligence,NOUN+PROPN,1,1,1.0,1,,
intern,NOUN+PROPN,1,1,1.0,1,,
interruption,NOUN+PROPN,1,1,1.0,1,,
intersecting,NOUN+PROPN,1,1,1.0,1,,
intersection,NOUN+PROPN,1,1,1.0,1,,
intrigue,NOUN+PROPN,1,1,1.0,1,,
intuition,NOUN+PROPN,1,1,1.0,1,,
inventory,NOUN+PROPN,1,1,1.0,1,,
inversion,NOUN+PROPN,1,1,1.0,1,,
invocation,NOUN+PROPN,1,1,1.0,1,,
isolation,NOUN+PROPN,1,1,1.0,1,,
jack,NOUN+PROPN,1,1,1.0,1,,
jeeper,NOUN+PROPN,1,1,1.0,1,,
jeopardy,NOUN+PROPN,1,1,1.0,1,,
jerk,NOUN+PROPN,1,1,1.0,1,,
journalist,NOUN+PROPN,1,1,1.0,1,,
jpg,NOUN+PROPN,1,1,1.0,1,,
judgment,NOUN+PROPN,1,1,1.0,1,,
jungle,NOUN+PROPN,1,1,1.0,1,,
justice,NOUN+PROPN,1,1,1.0,1,,
kernel,NOUN+PROPN,1,1,1.0,1,,
killer,NOUN+PROPN,1,1,1.0,1,,
kingdom,NOUN+PROPN,1,1,1.0,1,,
knee,NOUN+PROPN,1,1,1.0,1,,
knish,NOUN+PROPN,1,1,1.0,1,,
knitting,NOUN+PROPN,1,1,1.0,1,,
knockoff,NOUN+PROPN,1,1,1.0,1,,
knot,NOUN+PROPN,1,1,1.0,1,,
labour,NOUN+PROPN,1,1,1.0,1,,
lady,NOUN+PROPN,1,1,1.0,1,,
landscaping,NOUN+PROPN,1,1,1.0,1,,
latter,NOUN+PROPN,1,1,1.0,1,,
launch,NOUN+PROPN,1,1,1.0,1,,
laundry,NOUN+PROPN,1,1,1.0,1,,
lawsuit,NOUN+PROPN,1,1,1.0,1,,
layering,NOUN+PROPN,1,1,1.0,1,,
laziness,NOUN+PROPN,1,1,1.0,1,,
leap,NOUN+PROPN,1,1,1.0,1,,
left,NOUN+PROPN,1,1,1.0,1,,
legalese,NOUN+PROPN,1,1,1.0,1,,
let,NOUN+PROPN,1,1,1.0,1,,
lettering,NOUN+PROPN,1,1,1.0,1,,
ley,NOUN+PROPN,1,1,1.0,1,,
librarian,NOUN+PROPN,1,1,1.0,1,,
lieu,NOUN+PROPN,1,1,1.0,1,,
lifestyle,NOUN+PROPN,1,1,1.0,1,,
lift,NOUN+PROPN,1,1,1.0,1,,
like,NOUN+PROPN,1,1,1.0,1,,
likeness,NOUN+PROPN,1,1,1.0,1,,
liker,NOUN+PROPN,1,1,1.0,1,,
linework,NOUN+PROPN,1,1,1.0,1,,
linocut,NOUN+PROPN,1,1,1.0,1,,
lion,NOUN+PROPN,1,1,1.0,1,,
lmm,NOUN+PROPN,1,1,1.0,1,,
lo,NOUN+PROPN,1,1,1.0,1,,
load,NOUN+PROPN,1,1,1.0,1,,
lobby,NOUN+PROPN,1,1,1.0,1,,
log,NOUN+PROPN,1,1,1.0,1,,
logging,NOUN+PROPN,1,1,1.0,1,,
loneliness,NOUN+PROPN,1,1,1.0,1,,
looker,NOUN+PROPN,1,1,1.0,1,,
looting,NOUN+PROPN,1,1,1.0,1,,
lora,NOUN+PROPN,1,1,1.0,1,,
love,NOUN+PROPN,1,1,1.0,1,,
luck,NOUN+PROPN,1,1,1.0,1,,
macro,NOUN+PROPN,1,1,1.0,1,,
male,NOUN+PROPN,1,1,1.0,1,,
manga,NOUN+PROPN,1,1,1.0,1,,
manor,NOUN+PROPN,1,1,1.0,1,,
mapping,NOUN+PROPN,1,1,1.0,1,,
margin,NOUN+PROPN,1,1,1.0,1,,
markdown,NOUN+PROPN,1,1,1.0,1,,
marker,NOUN+PROPN,1,1,1.0,1,,
marriage,NOUN+PROPN,1,1,1.0,1,,
matching,NOUN+PROPN,1,1,1.0,1,,
mathematics,NOUN+PROPN,1,1,1.0,1,,
matte,NOUN+PROPN,1,1,1.0,1,,
mc,NOUN+PROPN,1,1,1.0,1,,
meantime,NOUN+PROPN,1,1,1.0,1,,
medication,NOUN+PROPN,1,1,1.0,1,,
melty,NOUN+PROPN,1,1,1.0,1,,
memo,NOUN+PROPN,1,1,1.0,1,,
mention,NOUN+PROPN,1,1,1.0,1,,
menus,NOUN+PROPN,1,1,1.0,1,,
merchandise,NOUN+PROPN,1,1,1.0,1,,
mercy,NOUN+PROPN,1,1,1.0,1,,
mesh,NOUN+PROPN,1,1,1.0,1,,
meta,NOUN+PROPN,1,1,1.0,1,,
metadata,NOUN+PROPN,1,1,1.0,1,,
metaphor,NOUN+PROPN,1,1,1.0,1,,
metaphore,NOUN+PROPN,1,1,1.0,1,,
methodology,NOUN+PROPN,1,1,1.0,1,,
metric,NOUN+PROPN,1,1,1.0,1,,
mic,NOUN+PROPN,1,1,1.0,1,,
micro,NOUN+PROPN,1,1,1.0,1,,
micro-,NOUN+PROPN,1,1,1.0,1,,
microcosm,NOUN+PROPN,1,1,1.0,1,,
midi,NOUN+PROPN,1,1,1.0,1,,
migration,NOUN+PROPN,1,1,1.0,1,,
mindset,NOUN+PROPN,1,1,1.0,1,,
minority,NOUN+PROPN,1,1,1.0,1,,
mischievousness,NOUN+PROPN,1,1,1.0,1,,
mistrust,NOUN+PROPN,1,1,1.0,1,,
mm,NOUN+PROPN,1,1,1.0,1,,
modernity,NOUN+PROPN,1,1,1.0,1,,
modesty,NOUN+PROPN,1,1,1.0,1,,
mom,NOUN+PROPN,1,1,1.0,1,,
monkey,NOUN+PROPN,1,1,1.0,1,,
monster,NOUN+PROPN,1,1,1.0,1,,
monument,NOUN+PROPN,1,1,1.0,1,,
moodboard,NOUN+PROPN,1,1,1.0,1,,
moron,NOUN+PROPN,1,1,1.0,1,,
mortality,NOUN+PROPN,1,1,1.0,1,,
motivator,NOUN+PROPN,1,1,1.0,1,,
mount,NOUN+PROPN,1,1,1.0,1,,
mouse,NOUN+PROPN,1,1,1.0,1,,
mouth,NOUN+PROPN,1,1,1.0,1,,
mug,NOUN+PROPN,1,1,1.0,1,,
multitude,NOUN+PROPN,1,1,1.0,1,,
multiview,NOUN+PROPN,1,1,1.0,1,,
museum,NOUN+PROPN,1,1,1.0,1,,
myth,NOUN+PROPN,1,1,1.0,1,,
namd,NOUN+PROPN,1,1,1.0,1,,
naming,NOUN+PROPN,1,1,1.0,1,,
narrator,NOUN+PROPN,1,1,1.0,1,,
nation,NOUN+PROPN,1,1,1.0,1,,
negative,NOUN+PROPN,1,1,1.0,1,,
neighborhood,NOUN+PROPN,1,1,1.0,1,,
neon,NOUN+PROPN,1,1,1.0,1,,
nephew,NOUN+PROPN,1,1,1.0,1,,
nerd,NOUN+PROPN,1,1,1.0,1,,
ness,NOUN+PROPN,1,1,1.0,1,,
neurodiversity,NOUN+PROPN,1,1,1.0,1,,
neuroplasticity,NOUN+PROPN,1,1,1.0,1,,
newborn,NOUN+PROPN,1,1,1.0,1,,
newcomer,NOUN+PROPN,1,1,1.0,1,,
news,NOUN+PROPN,1,1,1.0,1,,
newspaper,NOUN+PROPN,1,1,1.0,1,,
noir,NOUN+PROPN,1,1,1.0,1,,
non,NOUN+PROPN,1,1,1.0,1,,
non-creator,NOUN+PROPN,1,1,1.0,1,,
non-factor,NOUN+PROPN,1,1,1.0,1,,
non-optimal,NOUN+PROPN,1,1,1.0,1,,
nonsense,NOUN+PROPN,1,1,1.0,1,,
nook,NOUN+PROPN,1,1,1.0,1,,
nose,NOUN+PROPN,1,1,1.0,1,,
novella,NOUN+PROPN,1,1,1.0,1,,
nugget,NOUN+PROPN,1,1,1.0,1,,
nutrition,NOUN+PROPN,1,1,1.0,1,,
o3,NOUN+PROPN,1,1,1.0,1,,
observation,NOUN+PROPN,1,1,1.0,1,,
offense,NOUN+PROPN,1,1,1.0,1,,
offering,NOUN+PROPN,1,1,1.0,1,,
officer,NOUN+PROPN,1,1,1.0,1,,
offline,NOUN+PROPN,1,1,1.0,1,,
onboarding,NOUN+PROPN,1,1,1.0,1,,
onset,NOUN+PROPN,1,1,1.0,1,,
opening,NOUN+PROPN,1,1,1.0,1,,
operation,NOUN+PROPN,1,1,1.0,1,,
oportunity,NOUN+PROPN,1,1,1.0,1,,
opposite,NOUN+PROPN,1,1,1.0,1,,
optimisation,NOUN+PROPN,1,1,1.0,1,,
optimization,NOUN+PROPN,1,1,1.0,1,,
optimize,NOUN+PROPN,1,1,1.0,1,,
orange,NOUN+PROPN,1,1,1.0,1,,
organising,NOUN+PROPN,1,1,1.0,1,,
originality,NOUN+PROPN,1,1,1.0,1,,
othertime,NOUN+PROPN,1,1,1.0,1,,
outlook,NOUN+PROPN,1,1,1.0,1,,
outsider,NOUN+PROPN,1,1,1.0,1,,
overdose,NOUN+PROPN,1,1,1.0,1,,
overhaul,NOUN+PROPN,1,1,1.0,1,,
overlap,NOUN+PROPN,1,1,1.0,1,,
overload,NOUN+PROPN,1,1,1.0,1,,
oversaturation,NOUN+PROPN,1,1,1.0,1,,
ozone,NOUN+PROPN,1,1,1.0,1,,
p,NOUN+PROPN,1,1,1.0,1,,
pacing,NOUN+PROPN,1,1,1.0,1,,
pad,NOUN+PROPN,1,1,1.0,1,,
pager,NOUN+PROPN,1,1,1.0,1,,
pal,NOUN+PROPN,1,1,1.0,1,,
palace,NOUN+PROPN,1,1,1.0,1,,
pampering,NOUN+PROPN,1,1,1.0,1,,
pan,NOUN+PROPN,1,1,1.0,1,,
pantry,NOUN+PROPN,1,1,1.0,1,,
pants,NOUN+PROPN,1,1,1.0,1,,
paradigm,NOUN+PROPN,1,1,1.0,1,,
paradox,NOUN+PROPN,1,1,1.0,1,,
parallax,NOUN+PROPN,1,1,1.0,1,,
parent,NOUN+PROPN,1,1,1.0,1,,
parrot,NOUN+PROPN,1,1,1.0,1,,
participation,NOUN+PROPN,1,1,1.0,1,,
patient,NOUN+PROPN,1,1,1.0,1,,
pause,NOUN+PROPN,1,1,1.0,1,,
paycheck,NOUN+PROPN,1,1,1.0,1,,
payne,NOUN+PROPN,1,1,1.0,1,,
pedestal,NOUN+PROPN,1,1,1.0,1,,
pencil,NOUN+PROPN,1,1,1.0,1,,
pendulum,NOUN+PROPN,1,1,1.0,1,,
penny,NOUN+PROPN,1,1,1.0,1,,
performer,NOUN+PROPN,1,1,1.0,1,,
perhao,NOUN+PROPN,1,1,1.0,1,,
personalization,NOUN+PROPN,1,1,1.0,1,,
peruse,NOUN+PROPN,1,1,1.0,1,,
philosopher,NOUN+PROPN,1,1,1.0,1,,
pillar,NOUN+PROPN,1,1,1.0,1,,
pinch,NOUN+PROPN,1,1,1.0,1,,
pinout,NOUN+PROPN,1,1,1.0,1,,
piracy,NOUN+PROPN,1,1,1.0,1,,
pirate,NOUN+PROPN,1,1,1.0,1,,
pitfall,NOUN+PROPN,1,1,1.0,1,,
pixel,NOUN+PROPN,1,1,1.0,1,,
placemat,NOUN+PROPN,1,1,1.0,1,,
plagiarizer,NOUN+PROPN,1,1,1.0,1,,
plain,NOUN+PROPN,1,1,1.0,1,,
playtesting,NOUN+PROPN,1,1,1.0,1,,
plotter,NOUN+PROPN,1,1,1.0,1,,
plotting,NOUN+PROPN,1,1,1.0,1,,
plushy,NOUN+PROPN,1,1,1.0,1,,
pod,NOUN+PROPN,1,1,1.0,1,,
polish,NOUN+PROPN,1,1,1.0,1,,
politeness,NOUN+PROPN,1,1,1.0,1,,
pollution,NOUN+PROPN,1,1,1.0,1,,
pool,NOUN+PROPN,1,1,1.0,1,,
portal,NOUN+PROPN,1,1,1.0,1,,
portrayal,NOUN+PROPN,1,1,1.0,1,,
pot,NOUN+PROPN,1,1,1.0,1,,
potato,NOUN+PROPN,1,1,1.0,1,,
powerPoint,NOUN+PROPN,1,1,1.0,1,,
powerhouse,NOUN+PROPN,1,1,1.0,1,,
powerpoint,NOUN+PROPN,1,1,1.0,1,,
praise,NOUN+PROPN,1,1,1.0,1,,
prayer,NOUN+PROPN,1,1,1.0,1,,
pre,NOUN+PROPN,1,1,1.0,1,,
pre-computer,NOUN+PROPN,1,1,1.0,1,,
pre-planning,NOUN+PROPN,1,1,1.0,1,,
pre-writing,NOUN+PROPN,1,1,1.0,1,,
precis,NOUN+PROPN,1,1,1.0,1,,
preciseness,NOUN+PROPN,1,1,1.0,1,,
precision,NOUN+PROPN,1,1,1.0,1,,
prediction,NOUN+PROPN,1,1,1.0,1,,
premiere,NOUN+PROPN,1,1,1.0,1,,
preset,NOUN+PROPN,1,1,1.0,1,,
prestige,NOUN+PROPN,1,1,1.0,1,,
pretext,NOUN+PROPN,1,1,1.0,1,,
prevalence,NOUN+PROPN,1,1,1.0,1,,
preview,NOUN+PROPN,1,1,1.0,1,,
pride,NOUN+PROPN,1,1,1.0,1,,
principal,NOUN+PROPN,1,1,1.0,1,,
principle,NOUN+PROPN,1,1,1.0,1,,
pro/,NOUN+PROPN,1,1,1.0,1,,
pro/con,NOUN+PROPN,1,1,1.0,1,,
procedure,NOUN+PROPN,1,1,1.0,1,,
procrastination,NOUN+PROPN,1,1,1.0,1,,
procreate,NOUN+PROPN,1,1,1.0,1,,
productivity,NOUN+PROPN,1,1,1.0,1,,
prom,NOUN+PROPN,1,1,1.0,1,,
pronoun,NOUN+PROPN,1,1,1.0,1,,
proofread,NOUN+PROPN,1,1,1.0,1,,
protectant,NOUN+PROPN,1,1,1.0,1,,
protection,NOUN+PROPN,1,1,1.0,1,,
ps,NOUN+PROPN,1,1,1.0,1,,
pulp,NOUN+PROPN,1,1,1.0,1,,
pun,NOUN+PROPN,1,1,1.0,1,,
punch,NOUN+PROPN,1,1,1.0,1,,
punctuation,NOUN+PROPN,1,1,1.0,1,,
puppet,NOUN+PROPN,1,1,1.0,1,,
puppetry,NOUN+PROPN,1,1,1.0,1,,
purchase,NOUN+PROPN,1,1,1.0,1,,
purchaser,NOUN+PROPN,1,1,1.0,1,,
purist,NOUN+PROPN,1,1,1.0,1,,
pushback,NOUN+PROPN,1,1,1.0,1,,
pyramid,NOUN+PROPN,1,1,1.0,1,,
python,NOUN+PROPN,1,1,1.0,1,,
qualification,NOUN+PROPN,1,1,1.0,1,,
quantizer,NOUN+PROPN,1,1,1.0,1,,
quarter,NOUN+PROPN,1,1,1.0,1,,
quartet,NOUN+PROPN,1,1,1.0,1,,
radar,NOUN+PROPN,1,1,1.0,1,,
rail,NOUN+PROPN,1,1,1.0,1,,
rambling,NOUN+PROPN,1,1,1.0,1,,
random,NOUN+PROPN,1,1,1.0,1,,
re-iteration,NOUN+PROPN,1,1,1.0,1,,
re-tooling,NOUN+PROPN,1,1,1.0,1,,
readability,NOUN+PROPN,1,1,1.0,1,,
realty,NOUN+PROPN,1,1,1.0,1,,
ream,NOUN+PROPN,1,1,1.0,1,,
receipt,NOUN+PROPN,1,1,1.0,1,,
recon,NOUN+PROPN,1,1,1.0,1,,
recorder,NOUN+PROPN,1,1,1.0,1,,
recruitment,NOUN+PROPN,1,1,1.0,1,,
reddit,NOUN+PROPN,1,1,1.0,1,,
redrafting,NOUN+PROPN,1,1,1.0,1,,
reduction,NOUN+PROPN,1,1,1.0,1,,
redundancy,NOUN+PROPN,1,1,1.0,1,,
regards,NOUN+PROPN,1,1,1.0,1,,
region,NOUN+PROPN,1,1,1.0,1,,
regulation,NOUN+PROPN,1,1,1.0,1,,
reign,NOUN+PROPN,1,1,1.0,1,,
reinforcement,NOUN+PROPN,1,1,1.0,1,,
relation,NOUN+PROPN,1,1,1.0,1,,
reliability,NOUN+PROPN,1,1,1.0,1,,
religion,NOUN+PROPN,1,1,1.0,1,,
remark,NOUN+PROPN,1,1,1.0,1,,
reminder,NOUN+PROPN,1,1,1.0,1,,
remixe,NOUN+PROPN,1,1,1.0,1,,
remixing,NOUN+PROPN,1,1,1.0,1,,
remodel,NOUN+PROPN,1,1,1.0,1,,
renaissance,NOUN+PROPN,1,1,1.0,1,,
rendering,NOUN+PROPN,1,1,1.0,1,,
repainting,NOUN+PROPN,1,1,1.0,1,,
repertoire,NOUN+PROPN,1,1,1.0,1,,
rephrasing,NOUN+PROPN,1,1,1.0,1,,
replacer,NOUN+PROPN,1,1,1.0,1,,
reptile,NOUN+PROPN,1,1,1.0,1,,
requirement,NOUN+PROPN,1,1,1.0,1,,
reread,NOUN+PROPN,1,1,1.0,1,,
resemblance,NOUN+PROPN,1,1,1.0,1,,
resilience,NOUN+PROPN,1,1,1.0,1,,
resistance,NOUN+PROPN,1,1,1.0,1,,
resistor,NOUN+PROPN,1,1,1.0,1,,
respect,NOUN+PROPN,1,1,1.0,1,,
restatement,NOUN+PROPN,1,1,1.0,1,,
restock,NOUN+PROPN,1,1,1.0,1,,
restraint,NOUN+PROPN,1,1,1.0,1,,
restriction,NOUN+PROPN,1,1,1.0,1,,
retail,NOUN+PROPN,1,1,1.0,1,,
retopology,NOUN+PROPN,1,1,1.0,1,,
retrie,NOUN+PROPN,1,1,1.0,1,,
retrieval,NOUN+PROPN,1,1,1.0,1,,
revelation,NOUN+PROPN,1,1,1.0,1,,
reverb,NOUN+PROPN,1,1,1.0,1,,
reversal,NOUN+PROPN,1,1,1.0,1,,
rewrite,NOUN+PROPN,1,1,1.0,1,,
ribbing,NOUN+PROPN,1,1,1.0,1,,
rio,NOUN+PROPN,1,1,1.0,1,,
riot,NOUN+PROPN,1,1,1.0,1,,
roach,NOUN+PROPN,1,1,1.0,1,,
roadblock,NOUN+PROPN,1,1,1.0,1,,
roadeo,NOUN+PROPN,1,1,1.0,1,,
rock,NOUN+PROPN,1,1,1.0,1,,
roleplay,NOUN+PROPN,1,1,1.0,1,,
roster,NOUN+PROPN,1,1,1.0,1,,
roto,NOUN+PROPN,1,1,1.0,1,,
roundabout,NOUN+PROPN,1,1,1.0,1,,
row,NOUN+PROPN,1,1,1.0,1,,
rubbish,NOUN+PROPN,1,1,1.0,1,,
ruler,NOUN+PROPN,1,1,1.0,1,,
rumour,NOUN+PROPN,1,1,1.0,1,,
runner,NOUN+PROPN,1,1,1.0,1,,
running,NOUN+PROPN,1,1,1.0,1,,
rush,NOUN+PROPN,1,1,1.0,1,,
rust,NOUN+PROPN,1,1,1.0,1,,
saas,NOUN+PROPN,1,1,1.0,1,,
salad,NOUN+PROPN,1,1,1.0,1,,
salesmanship,NOUN+PROPN,1,1,1.0,1,,
sampling,NOUN+PROPN,1,1,1.0,1,,
sand,NOUN+PROPN,1,1,1.0,1,,
sandwich,NOUN+PROPN,1,1,1.0,1,,
sarcasm,NOUN+PROPN,1,1,1.0,1,,
saturation,NOUN+PROPN,1,1,1.0,1,,
savings,NOUN+PROPN,1,1,1.0,1,,
saying,NOUN+PROPN,1,1,1.0,1,,
scenery,NOUN+PROPN,1,1,1.0,1,,
scheme,NOUN+PROPN,1,1,1.0,1,,
sci-fi,NOUN+PROPN,1,1,1.0,1,,
scifi,NOUN+PROPN,1,1,1.0,1,,
sealer,NOUN+PROPN,1,1,1.0,1,,
seamstress,NOUN+PROPN,1,1,1.0,1,,
sector,NOUN+PROPN,1,1,1.0,1,,
selection,NOUN+PROPN,1,1,1.0,1,,
semi,NOUN+PROPN,1,1,1.0,1,,
sensibility,NOUN+PROPN,1,1,1.0,1,,
sensitivity,NOUN+PROPN,1,1,1.0,1,,
sensor,NOUN+PROPN,1,1,1.0,1,,
sequel,NOUN+PROPN,1,1,1.0,1,,
serif,NOUN+PROPN,1,1,1.0,1,,
sermon,NOUN+PROPN,1,1,1.0,1,,
server,NOUN+PROPN,1,1,1.0,1,,
setpiece,NOUN+PROPN,1,1,1.0,1,,
setup,NOUN+PROPN,1,1,1.0,1,,
shade,NOUN+PROPN,1,1,1.0,1,,
shame,NOUN+PROPN,1,1,1.0,1,,
shelf,NOUN+PROPN,1,1,1.0,1,,
sheriff,NOUN+PROPN,1,1,1.0,1,,
shield,NOUN+PROPN,1,1,1.0,1,,
shift,NOUN+PROPN,1,1,1.0,1,,
shop,NOUN+PROPN,1,1,1.0,1,,
shopping,NOUN+PROPN,1,1,1.0,1,,
shore,NOUN+PROPN,1,1,1.0,1,,
short,NOUN+PROPN,1,1,1.0,1,,
shower,NOUN+PROPN,1,1,1.0,1,,
shutter,NOUN+PROPN,1,1,1.0,1,,
sibling,NOUN+PROPN,1,1,1.0,1,,
signage,NOUN+PROPN,1,1,1.0,1,,
significance,NOUN+PROPN,1,1,1.0,1,,
silver,NOUN+PROPN,1,1,1.0,1,,
singer,NOUN+PROPN,1,1,1.0,1,,
single,NOUN+PROPN,1,1,1.0,1,,
sip,NOUN+PROPN,1,1,1.0,1,,
sitauaiton,NOUN+PROPN,1,1,1.0,1,,
sitcom,NOUN+PROPN,1,1,1.0,1,,
sitting,NOUN+PROPN,1,1,1.0,1,,
sketching,NOUN+PROPN,1,1,1.0,1,,
skillset,NOUN+PROPN,1,1,1.0,1,,
slander,NOUN+PROPN,1,1,1.0,1,,
slang,NOUN+PROPN,1,1,1.0,1,,
slew,NOUN+PROPN,1,1,1.0,1,,
slit,NOUN+PROPN,1,1,1.0,1,,
sliver,NOUN+PROPN,1,1,1.0,1,,
smell,NOUN+PROPN,1,1,1.0,1,,
smiley,NOUN+PROPN,1,1,1.0,1,,
snake,NOUN+PROPN,1,1,1.0,1,,
snippet,NOUN+PROPN,1,1,1.0,1,,
snob,NOUN+PROPN,1,1,1.0,1,,
snuff,NOUN+PROPN,1,1,1.0,1,,
social,NOUN+PROPN,1,1,1.0,1,,
sock,NOUN+PROPN,1,1,1.0,1,,
soe,NOUN+PROPN,1,1,1.0,1,,
soldering,NOUN+PROPN,1,1,1.0,1,,
son,NOUN+PROPN,1,1,1.0,1,,
sonata,NOUN+PROPN,1,1,1.0,1,,
songwriter,NOUN+PROPN,1,1,1.0,1,,
sophistication,NOUN+PROPN,1,1,1.0,1,,
sora,NOUN+PROPN,1,1,1.0,1,,
soundboard,NOUN+PROPN,1,1,1.0,1,,
soundtrack,NOUN+PROPN,1,1,1.0,1,,
sourcing,NOUN+PROPN,1,1,1.0,1,,
spam,NOUN+PROPN,1,1,1.0,1,,
span,NOUN+PROPN,1,1,1.0,1,,
speak,NOUN+PROPN,1,1,1.0,1,,
specialist,NOUN+PROPN,1,1,1.0,1,,
specificity,NOUN+PROPN,1,1,1.0,1,,
spectraLayer,NOUN+PROPN,1,1,1.0,1,,
sphere,NOUN+PROPN,1,1,1.0,1,,
spinster,NOUN+PROPN,1,1,1.0,1,,
spit,NOUN+PROPN,1,1,1.0,1,,
spitballing,NOUN+PROPN,1,1,1.0,1,,
splicing,NOUN+PROPN,1,1,1.0,1,,
splitter,NOUN+PROPN,1,1,1.0,1,,
sponsor,NOUN+PROPN,1,1,1.0,1,,
spoon,NOUN+PROPN,1,1,1.0,1,,
spread,NOUN+PROPN,1,1,1.0,1,,
spreadsheet,NOUN+PROPN,1,1,1.0,1,,
sprint,NOUN+PROPN,1,1,1.0,1,,
sprite,NOUN+PROPN,1,1,1.0,1,,
stability,NOUN+PROPN,1,1,1.0,1,,
staedtler,NOUN+PROPN,1,1,1.0,1,,
stance,NOUN+PROPN,1,1,1.0,1,,
stat,NOUN+PROPN,1,1,1.0,1,,
stationery,NOUN+PROPN,1,1,1.0,1,,
steal,NOUN+PROPN,1,1,1.0,1,,
stealth,NOUN+PROPN,1,1,1.0,1,,
steelmaking,NOUN+PROPN,1,1,1.0,1,,
stereo,NOUN+PROPN,1,1,1.0,1,,
stigma,NOUN+PROPN,1,1,1.0,1,,
still,NOUN+PROPN,1,1,1.0,1,,
stipulation,NOUN+PROPN,1,1,1.0,1,,
stitch,NOUN+PROPN,1,1,1.0,1,,
stone,NOUN+PROPN,1,1,1.0,1,,
stop,NOUN+PROPN,1,1,1.0,1,,
storefront,NOUN+PROPN,1,1,1.0,1,,
storyboard,NOUN+PROPN,1,1,1.0,1,,
storyteller,NOUN+PROPN,1,1,1.0,1,,
streamline,NOUN+PROPN,1,1,1.0,1,,
streamlining,NOUN+PROPN,1,1,1.0,1,,
styling,NOUN+PROPN,1,1,1.0,1,,
sub-portion,NOUN+PROPN,1,1,1.0,1,,
subconscious,NOUN+PROPN,1,1,1.0,1,,
subdivision,NOUN+PROPN,1,1,1.0,1,,
subsitute,NOUN+PROPN,1,1,1.0,1,,
substance,NOUN+PROPN,1,1,1.0,1,,
subtlety,NOUN+PROPN,1,1,1.0,1,,
sugar,NOUN+PROPN,1,1,1.0,1,,
suggest,NOUN+PROPN,1,1,1.0,1,,
suicide,NOUN+PROPN,1,1,1.0,1,,
sum,NOUN+PROPN,1,1,1.0,1,,
summing,NOUN+PROPN,1,1,1.0,1,,
suno,NOUN+PROPN,1,1,1.0,1,,
sunset,NOUN+PROPN,1,1,1.0,1,,
supermarket,NOUN+PROPN,1,1,1.0,1,,
supervisor,NOUN+PROPN,1,1,1.0,1,,
supply,NOUN+PROPN,1,1,1.0,1,,
surgery,NOUN+PROPN,1,1,1.0,1,,
swapability,NOUN+PROPN,1,1,1.0,1,,
sword,NOUN+PROPN,1,1,1.0,1,,
sycophancy,NOUN+PROPN,1,1,1.0,1,,
syllabi,NOUN+PROPN,1,1,1.0,1,,
symptom,NOUN+PROPN,1,1,1.0,1,,
synth,NOUN+PROPN,1,1,1.0,1,,
synthesizer,NOUN+PROPN,1,1,1.0,1,,
tablet,NOUN+PROPN,1,1,1.0,1,,
tabletop,NOUN+PROPN,1,1,1.0,1,,
tact,NOUN+PROPN,1,1,1.0,1,,
tad,NOUN+PROPN,1,1,1.0,1,,
tagging,NOUN+PROPN,1,1,1.0,1,,
tale,NOUN+PROPN,1,1,1.0,1,,
talk,NOUN+PROPN,1,1,1.0,1,,
talkback,NOUN+PROPN,1,1,1.0,1,,
tandem,NOUN+PROPN,1,1,1.0,1,,
tap,NOUN+PROPN,1,1,1.0,1,,
taste,NOUN+PROPN,1,1,1.0,1,,
teach,NOUN+PROPN,1,1,1.0,1,,
teammate,NOUN+PROPN,1,1,1.0,1,,
teaser,NOUN+PROPN,1,1,1.0,1,,
technician,NOUN+PROPN,1,1,1.0,1,,
teenager,NOUN+PROPN,1,1,1.0,1,,
teleplay,NOUN+PROPN,1,1,1.0,1,,
teller,NOUN+PROPN,1,1,1.0,1,,
telling,NOUN+PROPN,1,1,1.0,1,,
ten,NOUN+PROPN,1,1,1.0,1,,
tension,NOUN+PROPN,1,1,1.0,1,,
terminology,NOUN+PROPN,1,1,1.0,1,,
terraforming,NOUN+PROPN,1,1,1.0,1,,
terrain,NOUN+PROPN,1,1,1.0,1,,
territory,NOUN+PROPN,1,1,1.0,1,,
textbook,NOUN+PROPN,1,1,1.0,1,,
texturing,NOUN+PROPN,1,1,1.0,1,,
texturism,NOUN+PROPN,1,1,1.0,1,,
theft,NOUN+PROPN,1,1,1.0,1,,
thesis,NOUN+PROPN,1,1,1.0,1,,
think,NOUN+PROPN,1,1,1.0,1,,
thinker,NOUN+PROPN,1,1,1.0,1,,
thirty,NOUN+PROPN,1,1,1.0,1,,
ticking,NOUN+PROPN,1,1,1.0,1,,
tidbit,NOUN+PROPN,1,1,1.0,1,,
tide,NOUN+PROPN,1,1,1.0,1,,
timetable,NOUN+PROPN,1,1,1.0,1,,
tldr,NOUN+PROPN,1,1,1.0,1,,
tongue,NOUN+PROPN,1,1,1.0,1,,
toolset,NOUN+PROPN,1,1,1.0,1,,
topography,NOUN+PROPN,1,1,1.0,1,,
tos,NOUN+PROPN,1,1,1.0,1,,
touchstone,NOUN+PROPN,1,1,1.0,1,,
touchup,NOUN+PROPN,1,1,1.0,1,,
tourism,NOUN+PROPN,1,1,1.0,1,,
tourist,NOUN+PROPN,1,1,1.0,1,,
tradeoff,NOUN+PROPN,1,1,1.0,1,,
trading,NOUN+PROPN,1,1,1.0,1,,
traffic,NOUN+PROPN,1,1,1.0,1,,
trainer,NOUN+PROPN,1,1,1.0,1,,
transcriber,NOUN+PROPN,1,1,1.0,1,,
transportation,NOUN+PROPN,1,1,1.0,1,,
trauma,NOUN+PROPN,1,1,1.0,1,,
travelling,NOUN+PROPN,1,1,1.0,1,,
trellis,NOUN+PROPN,1,1,1.0,1,,
trenche,NOUN+PROPN,1,1,1.0,1,,
trinket,NOUN+PROPN,1,1,1.0,1,,
trivia,NOUN+PROPN,1,1,1.0,1,,
trope,NOUN+PROPN,1,1,1.0,1,,
trust,NOUN+PROPN,1,1,1.0,1,,
truth,NOUN+PROPN,1,1,1.0,1,,
truthfulness,NOUN+PROPN,1,1,1.0,1,,
ttrpg,NOUN+PROPN,1,1,1.0,1,,
ttrpgs,NOUN+PROPN,1,1,1.0,1,,
turnaround,NOUN+PROPN,1,1,1.0,1,,
tvs,NOUN+PROPN,1,1,1.0,1,,
tweet,NOUN+PROPN,1,1,1.0,1,,
twenties,NOUN+PROPN,1,1,1.0,1,,
twilight,NOUN+PROPN,1,1,1.0,1,,
udio,NOUN+PROPN,1,1,1.0,1,,
union,NOUN+PROPN,1,1,1.0,1,,
universe,NOUN+PROPN,1,1,1.0,1,,
university,NOUN+PROPN,1,1,1.0,1,,
unwrapping,NOUN+PROPN,1,1,1.0,1,,
v1,NOUN+PROPN,1,1,1.0,1,,
vacation,NOUN+PROPN,1,1,1.0,1,,
validation,NOUN+PROPN,1,1,1.0,1,,
valley,NOUN+PROPN,1,1,1.0,1,,
vein,NOUN+PROPN,1,1,1.0,1,,
vengenance,NOUN+PROPN,1,1,1.0,1,,
verisimilitude,NOUN+PROPN,1,1,1.0,1,,
versatility,NOUN+PROPN,1,1,1.0,1,,
veterinary,NOUN+PROPN,1,1,1.0,1,,
vibration,NOUN+PROPN,1,1,1.0,1,,
videographer,NOUN+PROPN,1,1,1.0,1,,
vignette,NOUN+PROPN,1,1,1.0,1,,
vintage,NOUN+PROPN,1,1,1.0,1,,
vising,NOUN+PROPN,1,1,1.0,1,,
visionary,NOUN+PROPN,1,1,1.0,1,,
vison,NOUN+PROPN,1,1,1.0,1,,
voiceover,NOUN+PROPN,1,1,1.0,1,,
vtuber,NOUN+PROPN,1,1,1.0,1,,
waiting,NOUN+PROPN,1,1,1.0,1,,
warmup,NOUN+PROPN,1,1,1.0,1,,
warp,NOUN+PROPN,1,1,1.0,1,,
warping,NOUN+PROPN,1,1,1.0,1,,
waste,NOUN+PROPN,1,1,1.0,1,,
watercolor,NOUN+PROPN,1,1,1.0,1,,
wife,NOUN+PROPN,1,1,1.0,1,,
wiggle,NOUN+PROPN,1,1,1.0,1,,
wikipedia,NOUN+PROPN,1,1,1.0,1,,
wildlife,NOUN+PROPN,1,1,1.0,1,,
will,NOUN+PROPN,1,1,1.0,1,,
wind,NOUN+PROPN,1,1,1.0,1,,
wing,NOUN+PROPN,1,1,1.0,1,,
winner,NOUN+PROPN,1,1,1.0,1,,
wip,NOUN+PROPN,1,1,1.0,1,,
witness,NOUN+PROPN,1,1,1.0,1,,
wood,NOUN+PROPN,1,1,1.0,1,,
woodblock,NOUN+PROPN,1,1,1.0,1,,
woodcut,NOUN+PROPN,1,1,1.0,1,,
woodland,NOUN+PROPN,1,1,1.0,1,,
woodshop,NOUN+PROPN,1,1,1.0,1,,
workaround,NOUN+PROPN,1,1,1.0,1,,
workday,NOUN+PROPN,1,1,1.0,1,,
workforce,NOUN+PROPN,1,1,1.0,1,,
workload,NOUN+PROPN,1,1,1.0,1,,
workshopping,NOUN+PROPN,1,1,1.0,1,,
worldliness,NOUN+PROPN,1,1,1.0,1,,
would,NOUN+PROPN,1,1,1.0,1,,
wrangling,NOUN+PROPN,1,1,1.0,1,,
y,NOUN+PROPN,1,1,1.0,1,,
yesterday,NOUN+PROPN,1,1,1.0,1,,
youth,NOUN+PROPN,1,1,1.0,1,,
zoo,NOUN+PROPN,1,1,1.0,1,,
